1632793894,0.06,-0.02,1.03,-0.55,0.49,-0.49,40.19,0.56,-48.65,0.999985099004285,0.005098145733383,0.000365761830801,0.001917523860317
1632793894,0.06,-0.03,1.02,0.12,0.43,0.31,40.52,-0.31,-48.74,0.999934587531655,0.010192367044374,0.003479734563829,0.003850682964872
1632793894,0.06,-0.02,1.02,0.67,0.43,0.31,40.27,-0.48,-48.13,0.999864109469485,0.015363041804577,0.001694987863009,0.005732936197968
1632793894,0.06,-0.02,1.03,-0.31,0.43,0.37,40.56,0.21,-47.67,0.999756829811638,0.020520394777178,0.00145116647817,0.007942843258298
1632793894,0.06,-0.02,1.03,0,0.49,0.31,40.34,-0.82,-49.15,0.999588889957823,0.025663520050681,0.003310558146099,0.012348077431623
1632793894,0.06,-0.02,1.03,0.43,0.92,0.79,40.55,-1.12,-48.97,0.999402147688619,0.030858281639971,-0.003045232757417,0.015291834653053
1632793894,0.06,-0.03,1.02,-1.22,0.67,-0.67,40.26,-0.76,-48.67,0.999156695291581,0.035978051756025,-0.001493506194261,0.019729355921989
1632793895,0.06,-0.03,1.03,0.37,0.92,-0.31,40.45,-0.31,-49.18,0.998930902311812,0.041253219014087,-0.007130578215139,0.019605590575219
1632793895,0.06,-0.02,1.03,-1.1,0.06,0.06,40.12,0.09,-48.99,0.998649496295994,0.046380043199421,-0.006489578461827,0.022493566012638
1632793895,0.06,-0.02,1.03,0.18,0.61,0.18,40.15,-0.11,-48.5,0.998311918998638,0.051629548493883,-0.010950550766423,0.024244330171953
1632793895,0.06,-0.02,1.03,-0.85,0.43,-0.43,40.36,-0.1,-48.39,0.998008109667667,0.056546073988029,-0.002395527423414,0.027867830961049
1632793895,0.06,-0.02,1.03,1.77,0.67,-1.83,39.97,0.17,-49.15,0.993377383217909,0.058879638499327,0.088482746787562,0.043650500595722
1632793895,0.05,-0.05,1.03,18.43,2.2,4.09,40.38,0.93,-48.55,0.977883085774701,0.060874691673842,0.188912193518878,0.065963062461112
1632793895,0.06,0.05,1.05,20.63,3.48,1.4,39.9,1.43,-48.65,0.971845006378048,0.068569157471597,0.207595911923504,0.087860637229293
1632793895,0.07,-0.11,0.97,4.09,4.46,-4.76,40.39,1.1,-47.19,0.974518204900263,0.078463209175183,0.185499438439563,0.098730701721946
1632793895,0.15,-0.13,1.02,-4.39,2.81,0.79,40.17,1.17,-48.25,0.981859682455363,0.083287361224129,0.152736706954776,0.075407411953907
1632793895,0.02,-0.02,1.02,-7.08,-3.97,3.54,40.23,0.32,-47.5,0.984178090646084,0.097351696401984,0.10424823356376,0.105111554544302
1632793895,0.08,-0.15,1.06,-9.28,7.08,-1.95,40.88,1.27,-47.79,0.981967386585663,0.109829353610563,0.066143262769755,0.138933917953029
1632793895,0.01,-0.14,0.97,-7.02,7.75,-4.46,39.98,0.7,-48.02,0.978052151305258,0.111201128146732,0.096920306293556,0.147155538985163
1632793895,0.09,-0.09,1.08,6.29,1.1,-5.68,40.32,0.77,-48.27,0.974287123883959,0.114608174077359,0.113110942843538,0.157592770385008
1632793895,0.08,-0.03,1,3.42,1.89,-0.43,40.08,0.94,-49.19,0.975820027942944,0.117931513526092,0.116608357039938,0.142372477155254
1632793895,0.06,-0.07,1.04,0.24,-2.99,-0.85,40.53,1.2,-48.69,0.974631544231539,0.124085557006838,0.115428996105122,0.14619259348309
1632793895,0.08,-0.06,1.08,-0.24,0.98,1.89,39.97,1.23,-48.62,0.966291939992272,0.129032856511768,0.139952573576279,0.173331144909854
1632793895,0.14,-0.17,1.23,5.55,5.07,-9.46,40.8,1.72,-48.56,0.961018896310855,0.13642072284521,0.145818974020864,0.191229950916064
1632793895,0.14,-0.17,1.23,1.53,3.72,-8.91,40.59,2.03,-47.67,0.964235877805167,0.137488999018858,0.151429480093118,0.168567670864909
1632793895,0.04,-0.08,0.96,0.37,-4.58,-0.98,40.81,1.72,-48.54,0.969614809437946,0.137868339337679,0.149863943663605,0.135573746413079
1632793895,0,-0.05,0.84,-1.34,-6.47,1.34,40.83,1.68,-49.01,0.968603582239467,0.138754275827419,0.167094948781584,0.120969539571579
1632793896,0.08,-0.09,1.07,2.99,-3.23,-3.48,40.55,1.89,-48.67,0.973262428726998,0.142904304704091,0.152321039832655,0.09558716100902
1632793896,0.08,-0.12,1.13,-3.78,-4.46,-2.99,40.25,2.04,-48.22,0.97099249140404,0.149351054253614,0.152098266866899,0.108323411349507
1632793896,0,0,0.89,0.31,2.75,-7.57,40.6,2.17,-48.5,0.973523871492126,0.153190630301946,0.145615135279303,0.087063969587106
1632793896,0.09,-0.11,1.14,-2.01,-3.85,-4.94,40.54,1.75,-48.29,0.970823195967787,0.159957242803337,0.148332017485984,0.09956713932912
1632793896,0.09,-0.09,1.05,0.92,2.62,0.06,40.36,1.89,-48.69,0.957280980266329,0.164524841896943,0.192599732795665,0.13946341508138
1632793896,0.01,-0.13,0.99,10.25,6.77,8.12,40.77,2.17,-48.07,0.946637846548003,0.173554671900816,0.207729646216147,0.174939868032627
1632793896,0.07,-0.09,1.1,4.27,6.96,4.52,40.75,2.49,-49.01,0.938233249041599,0.179189119345926,0.223543374663243,0.19400512762565
1632793896,0.09,-0.12,1.08,3.85,3.6,0.49,40.22,2.67,-48.6,0.931999315519027,0.179739069926043,0.246324154689487,0.195947833442208
1632793896,0.11,-0.13,1.08,4.64,-0.18,-3.66,40.63,2.72,-48.47,0.923083448933792,0.182708247375537,0.267379576972384,0.20746759858716
1632793896,0.06,-0.13,1.09,4.7,1.89,-0.18,40.23,2.91,-47.99,0.920939036436351,0.180823811251155,0.284789782284318,0.195112327541708
1632793896,0.03,-0.11,1.07,2.99,-2.93,-2.44,40.69,3.02,-48.23,0.926909645702893,0.183221285636661,0.277100799741479,0.174595578338109
1632793896,0,-0.09,1.05,-2.56,-3.6,-3.72,40.11,3.05,-48.61,0.92858431382105,0.182622228910746,0.28299836571334,0.155859611948509
1632793896,0.05,-0.1,1.03,0.37,-3.78,-0.24,40.21,2.86,-48.21,0.920297125664762,0.187157127059827,0.300242076109539,0.166973369185994
1632793896,0.04,-0.12,1.01,3.97,1.95,-2.32,39.95,3.1,-48.19,0.927065879218788,0.195627460052951,0.277588577792136,0.158818556664092
1632793896,0.05,-0.07,1,-5.13,-0.37,3.11,40.34,2.54,-48.25,0.932405834285157,0.200418246135914,0.264250204491839,0.143609596590286
1632793896,0.03,-0.1,1.06,-3.48,-2.2,2.5,40.38,2.26,-48.77,0.928251216852672,0.203350959371222,0.276437048598312,0.143459485209561
1632793896,0,-0.11,1.03,2.44,-0.24,2.26,37.72,3.32,-48.02,0.91061614734507,0.206016432136945,0.317311260962206,0.166279961362033
1632793896,-0.02,-0.1,1.08,9.46,3.23,-1.59,40.22,3.6,-48.83,0.910509231586032,0.203206199413826,0.328569615112058,0.147384489487584
1632793896,0.05,-0.1,1.02,1.4,-4.09,-5.68,39.87,4.24,-49.49,0.9034291842611,0.202852906618299,0.348817483493611,0.144888821207904
1632793896,0.01,-0.12,0.94,4.09,-1.1,-3.54,40.26,4.25,-49.39,0.908723506818411,0.183117049129425,0.365782444630267,0.083023717539552
1632793897,-0.02,-0.08,0.99,0.79,-13.43,3.23,39.81,4.2,-48.56,0.906728047809087,0.185891658198882,0.370692418113164,0.076652918286313
1632793897,0.05,-0.15,1.09,0.79,-1.1,6.77,40.09,3.96,-49.02,0.912565413385793,0.177441288453743,0.366595020903883,0.036702126537486
1632793897,0.07,-0.13,1.12,-2.5,-7.81,12.7,39.84,3.94,-49.45,0.911667221988272,0.16883930603512,0.374641113701006,-0.000448346557424
1632793897,0.16,-0.17,1.21,0.31,-7.69,4.64,39.95,3.33,-49.6,0.903734945121728,0.210873766230225,0.359964524091798,0.096025752155725
1632793897,-0.16,0,0.68,1.22,21.36,12.94,40.56,3.67,-49.88,0.906367677980564,0.228303378221677,0.337332666545294,0.112168943501006
1632793897,0.21,-0.12,1.4,-3.91,5.07,-3.97,39.93,3.43,-49.69,0.855707581750146,0.250978714196248,0.401132989347817,0.209443415777627
1632793897,0.06,-0.2,1.26,19.1,17.52,-1.1,40.7,3.59,-49.96,0.838061261682925,0.251649536013385,0.430318943182009,0.221701240026734
1632793897,0.12,-0.19,1.2,7.02,1.4,-6.23,41.21,5.09,-49.54,0.820681619934174,0.254308997008597,0.453303555971203,0.237327829987476
1632793897,0.06,-0.15,0.96,6.04,2.44,2.69,40.6,4.83,-49.82,0.832677983135135,0.265376621613959,0.429843141635558,0.226842453459751
1632793897,0,-0.14,1.01,-5.98,-0.12,1.04,40.77,5.08,-50.27,0.85052403553516,0.275504102311657,0.397760756795416,0.206137660169052
1632793897,0.06,-0.13,1.03,-8.42,-1.71,3.23,40.94,5.26,-49.23,0.858835110842505,0.276159182350994,0.390209659694635,0.184051025176092
1632793897,0.02,-0.17,1.06,-3.17,-3.66,-4.33,40.75,5.07,-49.54,0.852446155355255,0.25930808109641,0.426463111120053,0.155640888432147
1632793897,0.06,-0.04,0.97,5.8,-8,-10.01,40.88,5.16,-49.57,0.858389004549339,0.25870111189797,0.421379482589749,0.136679856686874
1632793897,0,-0.13,1.01,-2.32,-3.23,-3.78,40.47,5.47,-49.91,0.856507288635132,0.271454679628284,0.413036187129403,0.148690045209506
1632793897,0.04,-0.15,1.01,-0.98,3.6,0.49,41.11,5.07,-50.13,0.851235713270482,0.282090796399166,0.412312345226112,0.160689368079909
1632793897,0.05,-0.1,1.06,0.67,3.11,3.97,41.17,5.85,-49.79,0.847717574582575,0.291071178356063,0.410759423737045,0.167120252170287
1632793897,0.09,-0.17,1.11,0.12,2.01,-1.77,41.14,5.82,-49.99,0.850540029754947,0.305067148025517,0.391669164731542,0.173525094376945
1632793897,-0.04,-0.17,1.01,-3.54,3.23,5.07,40.77,6.2,-50.5,0.859971992767323,0.309084913558062,0.375365559445989,0.154968979632712
1632793897,0.03,-0.03,0.96,-4.76,-2.2,3.85,41.54,6.04,-50.01,0.832684566790613,0.314590966663919,0.413468568514772,0.191605529076108
1632793897,-0.06,-0.22,1.03,10.74,5.19,5.68,41.64,6.05,-49.54,0.82204644178829,0.317565162538649,0.428369692526969,0.199728369565673
1632793898,0.08,-0.05,1.03,3.78,1.04,3.11,41.82,6.46,-49.63,0.819386629012736,0.325728778607388,0.425360449986119,0.203899000904102
1632793898,0.02,-0.18,1,-0.31,1.65,-0.79,41.41,5.99,-49.79,0.809087553843513,0.324623043337956,0.444350187834369,0.206276805581929
1632793898,0.08,-0.09,1.03,4.21,-0.55,6.77,42.02,6.19,-50.59,0.818604358200685,0.32695646885094,0.43373346308549,0.186712761243674
1632793898,0.07,-0.09,1.03,-3.91,-2.69,7.69,41.93,6.08,-51.16,0.826581713495455,0.326423619579006,0.427769091205478,0.164996654830023
1632793898,0.01,-0.19,1.02,-3.05,-3.54,2.62,41.85,5.83,-50.51,0.826428010583399,0.319845104569659,0.440213102392821,0.144666087552252
1632793898,0.01,-0.05,1.04,0.98,-4.76,3.36,42.1,5.96,-51.15,0.822927359706545,0.327873183586355,0.43933781325146,0.149238138486074
1632793898,0,-0.11,1.09,0.24,1.59,-1.28,41.96,5.69,-49.99,0.817734586886835,0.340255979594343,0.434821915903169,0.162683481674108
1632793898,0.03,-0.1,1.03,0.24,3.72,-3.54,42,5.74,-50.85,0.810961211800162,0.346854638640838,0.439456013985533,0.170035832637989
1632793898,0.04,-0.12,1.02,1.65,1.65,1.77,42.38,6.19,-50.79,0.817423213332726,0.345932681613392,0.435696516320543,0.149393493040061
1632793898,0.03,-0.08,1.06,-2.56,-3.42,3.97,42.37,9.02,-51.33,0.813623823481496,0.353353065701935,0.435209402754593,0.154112493252121
1632793898,0.01,-0.2,1.02,0.37,1.53,-5.37,42.18,6.74,-50.72,0.807549311563343,0.353755112481995,0.446905397982729,0.15164760149874
1632793898,0.03,-0.18,1.04,2.26,-1.04,-2.62,42.14,6.92,-50.88,0.795610445929667,0.357570548944039,0.461705757595249,0.161167969084595
1632793898,0.04,-0.16,1.03,4.03,1.16,-0.92,42.4,6.97,-51.21,0.787056905295614,0.357522487902869,0.476168401334484,0.161191662441938
1632793898,0.03,-0.05,1.04,3.11,-0.79,5.13,42.82,6.59,-51.51,0.790428194071828,0.354866739112967,0.478182202636859,0.143647654241342
1632793898,0.01,-0.21,1.05,-1.16,-3.3,1.22,42.4,7.04,-51.55,0.798527976339793,0.353194536107162,0.471873192340034,0.122239032299619
1632793898,0.03,-0.12,1,-3.23,-3.36,3.05,42.49,6.68,-51.97,0.791789112159685,0.352361486578149,0.484658190134686,0.118396889220894
1632793898,-0.08,-0.26,0.99,2.44,-1.46,2.14,42.42,5.97,-51.25,0.780528432654396,0.360558348728798,0.493320751594288,0.131938163646767
1632793898,0.01,-0.23,0.96,3.23,2.56,-11.17,42.43,6.02,-51.93,0.785988546744463,0.348331567510054,0.500935485472099,0.099753510501375
1632793898,-0.01,-0.13,1.05,-1.34,-6.96,-3.72,42.25,6.81,-53.06,0.786349766513355,0.338954362814638,0.510894060378428,0.075836954734216
1632793898,0.01,-0.09,1.07,0.06,-5.43,-0.85,42.49,6.8,-52.88,0.78471388783716,0.337597202638018,0.515750025654158,0.065223876335355
1632793899,-0.01,-0.1,1.03,0.24,-2.14,-3.54,43.01,6.98,-51.97,0.783139935430628,0.336052913635253,0.520399937711956,0.054260350168074
1632793899,-0.02,-0.11,1.03,0.18,-2.2,-2.81,43.16,7.01,-53.16,0.775877977814003,0.3418571344269,0.527014344194958,0.058334759770138
1632793899,-0.03,-0.15,1.02,2.01,0.85,-2.93,43.27,7.65,-52.49,0.76802825399956,0.349646043838123,0.532554191991318,0.065316748841411
1632793899,-0.02,-0.14,1.05,2.08,1.59,-3.17,43.4,7.51,-52.47,0.766980195650027,0.357594016662126,0.528586676715943,0.066813351408897
1632793899,-0.01,-0.13,1.06,-0.49,1.34,-1.77,43.44,8.45,-53,0.765902312676428,0.361482230893195,0.527999677975809,0.062774073014426
1632793899,-0.01,-0.15,1.07,-0.31,-0.18,-1.65,43.12,8.23,-52.75,0.766004254952018,0.366341066823148,0.524892895576283,0.059322443710844
1632793899,-0.01,-0.13,1.04,-0.79,0.18,-1.04,42.97,8.5,-52.51,0.764863770518112,0.379458837390621,0.516091266031802,0.068148429187083
1632793899,-0.05,-0.13,1.04,-0.73,3.36,0.31,43.81,8.78,-53.13,0.764771447113441,0.394436905109139,0.503349198922313,0.078636794900374
1632793899,-0.03,-0.11,1.02,-1.34,4.09,0.73,43.81,8.35,-53.2,0.767019376656795,0.397706912390521,0.49854533634266,0.070448813196559
1632793899,-0.03,-0.11,1.05,-1.65,-0.61,0.67,44.65,8.7,-53.06,0.768382696324955,0.404852172408862,0.490849942475603,0.068913601385466
1632793899,0,-0.1,1.01,-1.53,1.04,2.5,44.26,7.92,-52.84,0.771979012263451,0.410089402906544,0.481690109980586,0.062046145693274
1632793899,-0.01,-0.14,1.04,-2.38,0.12,0.92,44.36,8.35,-54.22,0.775732171928665,0.426935754840329,0.459105597117251,0.072024366497503
1632793899,-0.01,-0.09,1.03,-3.23,4.94,3.11,44.7,8.35,-53.66,0.778858092995929,0.43793553254517,0.442918276330886,0.073593075769398
1632793899,-0.01,-0.13,1.04,-2.81,2.56,8.42,44.85,7.93,-53.63,0.767674661686685,0.446673026514172,0.450732646703591,0.089436583032223
1632793899,-0.01,-0.14,1.03,3.48,2.69,7.63,45.04,8.08,-53.86,0.760078200941577,0.451886544846364,0.45706149216448,0.095783461101645
1632793899,-0.03,-0.1,1,2.14,0.98,3.6,45,8.68,-53.26,0.751478313024295,0.448669408580438,0.475052345036248,0.09111188909139
1632793899,-0.01,-0.09,1.04,3.17,-2.5,4.82,45.03,8.19,-54.36,0.74009171870323,0.447077272924348,0.493879725110321,0.092027045298542
1632793899,-0.03,-0.11,1.02,4.03,-1.53,2.14,44.93,8.23,-53.94,0.736036808099753,0.454923554444912,0.49192047646018,0.096481198026999
1632793899,0.01,-0.12,1.03,0.37,1.65,1.22,45.59,8.15,-54.25,0.733732488480724,0.461303530846708,0.489349322598405,0.096813884586494
1632793900,0,-0.09,1.05,-0.24,0.92,-1.04,45.69,8.14,-54.65,0.732531914912705,0.481788617427757,0.467248371358194,0.113823025853694
1632793900,-0.02,-0.15,1.01,-1.95,6.53,-3.11,45.32,8.39,-54.17,0.727998389369228,0.483521773072624,0.472979409483686,0.111872777050448
1632793900,0,-0.13,0.99,1.04,-0.61,-2.26,45.89,8.9,-54.03,0.727176811642078,0.493219119139581,0.463590233627618,0.114161641589143
1632793900,-0.04,-0.1,1.05,-1.28,2.14,1.28,46.18,8.73,-53.65,0.724089864248103,0.514348489575917,0.439725307457679,0.1333459926109
1632793900,-0.05,-0.08,1.04,-1.77,7.14,3.3,45.84,9.33,-54.04,0.722462191466358,0.536397025979049,0.40942817506359,0.150649201413605
1632793900,-0.01,-0.09,1.02,-3.05,7.57,-0.31,46.64,8.96,-54.14,0.718769647365521,0.551680192233498,0.390609210764099,0.162614894734469
1632793900,0.04,-0.12,1.05,-1.59,5.07,-3.66,46.48,8.54,-54.75,0.713272812229815,0.556909713312041,0.391519422928655,0.166751335892954
1632793900,0.1,-0.1,1.06,0.85,1.04,-5.68,46.19,9.02,-54.36,0.71179751016929,0.551004501596873,0.408293952618601,0.151770853565038
1632793900,0.01,-0.08,1.05,1.04,-4.46,-4.94,46.46,8.87,-55.07,0.706911882157912,0.548102486103713,0.42250288299404,0.146118340575755
1632793900,-0.01,-0.09,1.01,1.89,-2.5,0.43,46.22,9,-54.66,0.708682669545814,0.542794220083752,0.432663926248157,0.126274444970546
1632793900,0.01,-0.1,1.02,-0.73,-4.46,2.87,46.48,9.46,-55.46,0.70124306480688,0.544903833322391,0.441087413904321,0.129537136706105
1632793900,-0.03,-0.11,1.03,2.14,-0.12,-2.93,46.52,9.52,-55.92,0.696706076444482,0.548305383528243,0.444046033505887,0.129556819839679
1632793900,-0.01,-0.09,1.04,0.73,0.06,-3.6,46.52,9.44,-55.47,0.699085006978212,0.544972812827874,0.449362195101401,0.11116835840471
1632793900,-0.04,-0.09,1.04,-1.4,-3.54,-3.54,46.74,10.11,-56.19,0.697281581997606,0.554256234368732,0.439992114920921,0.114041049090771
1632793900,-0.06,-0.09,1.02,-1.04,2.26,0.43,46.37,10.13,-56.1,0.693878057286036,0.554794302319673,0.44576508336877,0.109681421306518
1632793900,-0.05,-0.08,0.96,0.61,-1.16,1.4,46.67,10.39,-56.58,0.693787488910949,0.556773797141372,0.445500197371381,0.100952628442649
1632793900,0,-0.09,1.05,-1.04,-1.04,0.06,45.87,9.89,-57.17,0.688406292298982,0.56106888145462,0.448113303681334,0.102435121175455
1632793900,0.04,-0.09,1.11,0.92,0.37,-2.5,45.9,9.9,-56.98,0.676291106512924,0.571956020447582,0.447598994940794,0.123092606005726
1632793900,-0.02,-0.1,0.99,3.11,4.09,0.61,46.36,10.02,-57.93,0.665257730131441,0.58609841086798,0.439191766952332,0.145022057355697
1632793900,-0.03,-0.11,1,2.01,5.43,0.06,46.28,10.22,-56.91,0.660140371346091,0.599482570003404,0.424787307082028,0.156176445481249
1632793901,-0.03,-0.1,0.98,-0.55,4.46,-1.4,47.08,10.24,-56.65,0.652302381455264,0.607770887403528,0.421217439637038,0.166409194812483
1632793901,0,-0.13,1.05,1.16,2.69,1.34,46.78,10.38,-57.4,0.647491661794824,0.605978477409799,0.432654525724718,0.162341289240286
1632793901,0.05,-0.07,1.07,1.46,-1.95,5.98,47.95,11.1,-57.69,0.644041677468207,0.608137575687142,0.436071227444129,0.158810866494315
1632793901,0.03,-0.1,1.11,0.24,-0.61,4.76,47.66,10.74,-58.29,0.643156188292409,0.613590548354021,0.431150608903585,0.154809266111106
1632793901,0.02,-0.15,1,-1.22,0.55,2.44,47.19,11.1,-58.09,0.634743565906347,0.61281643931859,0.443482903757839,0.157732467538852
1632793901,0,-0.14,1.06,2.69,-0.98,2.81,47.49,11.02,-57.76,0.632700641277281,0.613678842488082,0.447360688083495,0.15151432792732
1632793901,-0.01,-0.07,1.03,-0.12,-1.16,5.19,46.79,10.88,-57.89,0.625501532499522,0.612596826403804,0.458743431851233,0.151747899010465
1632793901,-0.01,-0.12,1.07,2.14,-1.28,-1.95,47.46,11.11,-58.59,0.614073824873815,0.609946981399094,0.475510498384239,0.157377836474353
1632793901,0.01,-0.11,1.06,3.91,-1.28,-1.16,47.03,11.07,-58.36,0.605823209524045,0.610700847392965,0.483916303078737,0.160772278114441
1632793901,-0.02,-0.11,1.04,2.2,-0.31,-2.69,47.66,10.77,-58.47,0.604453271109204,0.615289338271351,0.481124526220386,0.156762442964495
1632793901,-0.03,-0.07,1.02,-0.85,0.31,-0.55,47.86,10.94,-59.3,0.598650089329473,0.622871432110311,0.476924154739049,0.161841280991928
1632793901,-0.03,-0.11,1.01,0.43,2.01,-2.44,47.41,11.87,-58.83,0.593241883423631,0.629818653458028,0.473259679532985,0.165583233561361
1632793901,-0.01,-0.11,1.03,0.31,1.71,-2.32,47.06,11.57,-58.74,0.586425704759847,0.644101247081696,0.458397103039414,0.176381893146077
1632793901,-0.01,-0.16,1.04,-0.24,4.7,-3.66,47.3,11.67,-59.38,0.579596534761356,0.644377012879274,0.465993960743145,0.178033004570302
1632793901,-0.01,-0.12,1.03,1.71,-0.55,-2.08,46.85,11.91,-59.64,0.57365602877565,0.643726423951752,0.474412095751375,0.177392827251918
1632793901,-0.03,-0.14,1.05,1.46,-1.04,0.37,47.27,11.87,-59.17,0.562760987627248,0.63745070145127,0.494187613375182,0.180928927511966
1632793901,-0.03,-0.14,1.05,3.97,-2.38,-1.46,47.06,12.3,-59.03,0.553851397479853,0.644081917204091,0.492736676240809,0.188726472248799
1632793901,-0.04,-0.1,1.06,1.46,2.01,-2.32,46.9,12.7,-60.25,0.543966861272628,0.646696416176465,0.497478513194609,0.195956444271179
1632793901,0.02,-0.13,1.03,2.32,0.79,-0.37,47.08,12.4,-59.42,0.537845654139178,0.645684645248891,0.505547127505044,0.195538980985409
1632793901,0.01,-0.11,1.04,1.46,-0.98,-0.18,46.95,12.39,-60.38,0.533618279598275,0.636471212507576,0.524387963891372,0.187545169635406
1632793902,0.04,-0.11,1.1,1.77,-4.09,2.08,47.2,12.84,-60.31,0.526643513777853,0.636702112211155,0.5307152645101,0.188675217550013
1632793902,-0.03,-0.11,1.03,1.53,-0.43,3.97,47.47,12.76,-60.83,0.523821296503785,0.646564069110237,0.521445950364149,0.188839282760593
1632793902,-0.04,-0.11,1.03,-1.04,2.32,3.17,47.45,13.21,-60.41,0.523967369409357,0.647561321895242,0.523231140531037,0.179865793741101
1632793902,-0.01,-0.16,1.09,-1.04,-1.1,-2.93,47,13.09,-60.64,0.527459976824435,0.649855171436732,0.521247760179647,0.166658337664229
1632793902,0.01,-0.13,1.1,-2.38,-1.04,-2.69,47.4,13.53,-60.99,0.524379789271063,0.665108697917616,0.503658507834749,0.170247948721986
1632793902,-0.03,-0.11,1.05,-1.59,4.33,-1.34,47.12,12.89,-60.57,0.522785649539948,0.66274187126675,0.511387561974396,0.161093569588685
1632793902,-0.02,-0.16,1.15,-0.18,-2.2,0.98,46.63,12.62,-61.67,0.515328960974201,0.667988376284136,0.510501330675344,0.166180571996959
1632793902,-0.03,-0.12,0.99,1.16,1.4,-2.87,46.72,13.7,-60.63,0.508929137430738,0.67420884676504,0.507543928205071,0.169802016948933
1632793902,-0.03,-0.08,1.03,0.61,1.59,-2.2,46.58,13.95,-61.4,0.501126648587757,0.689631023181756,0.490729606725421,0.180182094070418
1632793902,0.01,-0.12,1,-0.06,5.13,-4.09,46.47,13.81,-60.6,0.489133377242149,0.693995384022928,0.49231073422333,0.19170051432128
1632793902,0.07,-0.13,1.02,2.75,1.77,1.65,46.4,13.83,-60.83,0.484502086193696,0.684358558464303,0.512409251647183,0.185331731651627
1632793902,0.04,-0.14,1.1,1.89,-4.21,0.92,46.39,14.04,-62.18,0.48524832043968,0.675072257395877,0.52890327434002,0.170507598649766
1632793902,0.02,-0.14,1.13,-0.18,-4.7,2.56,45.97,14.26,-61.88,0.4772372904405,0.684527942919764,0.521761591023648,0.177287636645979
1632793902,-0.02,-0.13,1.04,0.73,2.87,-0.06,46.41,14.53,-62.05,0.472060432624789,0.690723580190038,0.518003844169308,0.178134502961589
1632793902,-0.02,-0.13,1.08,0.06,1.4,0.18,46.52,13.71,-61.95,0.471510683833292,0.682040006572032,0.53375130622521,0.166158501344849
1632793902,0.02,-0.18,1.06,0.18,-4.21,-0.73,45.97,13.79,-61.27,0.468591693578293,0.674195761616026,0.548528763028243,0.158107861471589
1632793902,-0.08,-0.07,1.01,0.85,-3.54,2.01,45.95,13.9,-61.79,0.460807775187921,0.66274062274878,0.570038721704897,0.153254419322792
1632793902,-0.15,-0.11,1.19,2.56,-4.39,-0.18,45.92,13.49,-61.68,0.445851512693815,0.658599772491639,0.584143899497454,0.161983557753575
1632793902,-0.08,-0.1,1.04,4.27,-1.1,-5.98,45.8,13.82,-62.89,0.423383034157408,0.657087460771717,0.596851358125477,0.180973289708781
1632793902,-0.03,-0.1,1.02,6.29,0.55,-6.41,45.87,15.14,-61.79,0.409482842607119,0.646582975248447,0.616124533679732,0.186131181501628
1632793903,-0.03,-0.12,1.02,4.33,-2.87,-1.71,45.02,15.48,-62.59,0.40583372731297,0.650742449308963,0.614829505484926,0.183896518802819
1632793903,-0.02,-0.18,1.04,-0.12,0.61,-2.62,45.35,15.92,-62.06,0.389244240393588,0.658515353681035,0.6132409741971,0.196931353147619
1632793903,0,-0.2,1.13,3.3,2.81,-6.41,45.07,16.08,-63.99,0.382115702693981,0.661000017426791,0.614610714462795,0.19829330897436
1632793903,-0.04,-0.13,1.02,1.04,0.49,-4.88,45.12,16.39,-63.72,0.375371086467418,0.661225111742074,0.618503620059057,0.198320878930567
1632793903,-0.07,-0.1,1.06,1.1,-0.24,-0.43,44.54,16.42,-63.1,0.358269241845703,0.6559269914075,0.630614609967562,0.209112759022186
1632793903,-0.05,-0.18,1.01,4.64,-0.79,-2.56,44.65,16.53,-62.23,0.344362116671989,0.649920467424473,0.642327774527518,0.21548352302315
1632793903,-0.05,-0.15,1.08,3.66,-1.28,3.17,44.79,16.21,-62.79,0.332996976082364,0.646273871056754,0.650383219387451,0.220101716141731
1632793903,-0.08,-0.12,0.98,2.75,-0.73,-1.28,44.29,16.21,-64.72,0.29373522795608,0.644520330411606,0.658993849483761,0.253061782745399
1632793903,-0.01,-0.15,1.05,10.01,2.56,6.47,44.23,17.37,-63.6,0.242606623557013,0.594087424319167,0.709159826839141,0.292052218737614
1632793903,-0.03,-0.19,1.03,17.33,-8.3,38.39,44.79,17.25,-63.6,0.242351332247553,0.570346300937107,0.730765510450749,0.28627381560466
1632793903,-0.06,-0.17,0.96,1.77,-6.23,12.21,44.59,16.71,-64.31,0.271361277505154,0.592078961736942,0.713881103974504,0.2572534344327
1632793903,-0.04,-0.17,1.02,-9.64,2.01,1.28,45.01,16.64,-64.65,0.290316825412191,0.623801571014559,0.686132264925251,0.236241943589407
1632793903,-0.04,-0.15,1.05,-8.36,5.68,0.92,44.92,16.26,-64.27,0.301223210160687,0.677124861405461,0.633303138182846,0.222920691939723
1632793903,-0.01,-0.15,1.07,-8.79,12.63,-0.18,45.46,15.83,-63.94,0.321158207279448,0.716892966682926,0.586989296977732,0.195870991857378
1632793903,0.02,-0.18,1.06,-10.8,8.79,-3.05,45.97,15.5,-64.53,0.322218007447347,0.723834665062569,0.580521575815509,0.187706242152731
1632793903,0.03,-0.2,1,-2.01,1.16,-3.72,45.36,15.56,-64.56,0.331030783782904,0.745324937603983,0.553107367680252,0.170239823165784
1632793903,0,-0.15,1.11,-6.16,5,-12.94,45.24,15.42,-64.37,0.315979050322281,0.762827216404881,0.532641613757151,0.185862284941265
1632793903,-0.08,-0.21,0.98,2.01,6.53,-16.48,44.8,16.03,-64.21,0.303282657512875,0.751358635837614,0.553046041860926,0.193958515116326
1632793903,0.11,-0.26,1.11,4.27,-3.36,-8.97,44.84,16.75,-64.37,0.297178433539335,0.741112962494272,0.570388208961901,0.192597628592115
1632793903,0.07,-0.16,1.12,1.89,-3.6,0.61,44.3,17.14,-64.43,0.300439081732889,0.723386729241064,0.595995813499159,0.176739889150383
1632793904,0.06,-0.15,1.26,-0.55,-6.9,-6.16,44.31,17.37,-64.25,0.299309074993308,0.757303252908641,0.553436007730692,0.174969843423817
1632793904,-0.07,-0.09,0.91,-3.91,10.13,-0.12,43.98,17.24,-64.39,0.29839602832576,0.77683050543326,0.527892817346397,0.169774407676191
1632793904,0.05,-0.13,0.99,-2.93,5.74,-1.46,44.18,16.97,-65.17,0.275675051096496,0.76524040598561,0.548759924356475,0.193061991780361
1632793904,-0.01,-0.1,1.09,7.63,-2.32,4.88,44.37,16.64,-64.89,0.276147490857366,0.743563475184128,0.580428235486565,0.184279638363102
1632793904,-0.03,-0.13,0.92,1.16,-7.75,9.34,43.88,16.75,-65.03,0.309572867974281,0.731432320909427,0.59356683365657,0.12980683081464
1632793904,-0.07,-0.1,1.17,-10.86,-7.63,-2.32,43.59,16.33,-64.82,0.331996892172278,0.736526648548941,0.581782018343254,0.094001290936154
1632793904,-0.06,-0.15,0.98,-8.79,-0.49,12.57,43.58,15.95,-65.59,0.333404543195933,0.759685387710934,0.550839249667836,0.091080422156328
1632793904,-0.03,-0.06,1.09,-3.11,7.02,6.04,44.02,15.94,-66.27,0.326885536735565,0.760323026168112,0.554028853878971,0.090037607815957
1632793904,-0.02,-0.22,1.21,0.73,-0.37,-10.74,43.18,15.67,-66.46,0.321454136797813,0.723129418328739,0.607007141303986,0.072755842989241
1632793904,0.02,-0.19,1.27,2.08,-13.24,-10.8,43.05,16.82,-65.48,0.334364443154026,0.714043866892827,0.613573128938882,0.043241077127975
1632793904,-0.01,-0.16,1.23,-5.31,-4.15,-2.08,42.97,17.04,-66.02,0.342793207936454,0.730315995747369,0.590103550334493,0.030152327120651
1632793904,0,-0.12,1.29,-4.64,4.39,0.12,42.72,17.54,-65.99,0.324578862498427,0.779946898048574,0.530049606067396,0.073340393722922
1632793904,-0.15,-0.07,0.61,4.03,17.76,-4.21,42.69,17.57,-65.27,0.301730949601274,0.799705592685356,0.507923762439802,0.106971260764153
1632793904,-0.03,-0.05,0.96,5.92,8.06,7.39,42.41,17.87,-65.69,0.273308152858335,0.818630901400217,0.483376051013502,0.146607278674786
1632793904,0.01,-0.12,1.14,7.32,8.85,6.59,42.24,18.27,-66.42,0.268392380650927,0.846187479453354,0.436781686985975,0.145444276403693
1632793904,-0.07,-0.12,1.06,-3.11,10.38,0.24,42.08,18.48,-65.76,0.271421422978348,0.860171010707292,0.411811797748844,0.129797098280621
1632793904,-0.04,-0.14,0.88,-4.7,4.52,-2.69,42.91,17.58,-66.72,0.248782675597976,0.87549083771229,0.38007198169426,0.164827977404153
1632793904,-0.07,-0.14,1.02,5.74,9.22,3.97,43.04,17.86,-66.02,0.239770739144445,0.899433319230065,0.325847662925676,0.165387416313303
1632793904,-0.16,-0.05,0.94,-2.75,11.66,-0.98,42.57,17.59,-65.78,0.227553947037782,0.924717355736288,0.253760028872982,0.169478201943486
1632793905,-0.16,-0.01,0.76,-2.81,15.26,6.04,42.5,17.74,-67.04,0.223472975275247,0.934643636681612,0.228522018873573,0.155816522301542
1632793905,-0.11,-0.14,1.04,-3.85,4.7,-4.15,41.92,18.04,-67.63,0.201076601673921,0.956643439862541,0.119609030334239,0.173479708005681
1632793905,-0.08,-0.07,0.97,-1.28,23.01,-4.7,42.54,18.27,-67.31,0.171417947017873,0.96594251911209,-0.012460805672387,0.193431294090595
1632793905,0.03,-0.08,0.99,-1.16,27.59,1.22,41.97,18.29,-66.3,0.150205405257048,0.959670770311325,-0.087248839021663,0.221038433153616
1632793905,0.01,-0.12,1.05,2.93,16.3,5.86,42.7,18.2,-68.07,0.146753391813487,0.962835980120677,-0.07740900481599,0.213115375676394
1632793905,-0.03,-0.1,1.04,-1.46,-2.01,9.95,43.04,17.94,-66.87,0.134227874310512,0.957200425500216,-0.111959511958425,0.230684396659847
1632793905,-0.05,-0.11,1.03,2.38,7.81,-3.6,42.99,17.37,-66.46,0.14515419523934,0.959850531365126,-0.049650277608125,0.234844772085605
1632793905,-0.13,-0.03,0.93,2.56,-12.39,-8.79,43.65,17.79,-67.36,0.12300227930909,0.957305637056445,-0.111997533739279,0.236416811967851
1632793905,0,-0.18,1.25,-1.65,13.12,-5.62,42.92,18.12,-66.3,0.098370942085615,0.939721633400369,-0.184591502158762,0.270503949700004
1632793905,0.11,-0.29,1.6,5,16.36,-16.3,42.96,18.88,-67.49,0.072036658461541,0.896367028283284,-0.281573624626025,0.334743430643908
1632793905,0.1,-0.12,1.21,11.6,22.71,7.26,43.33,19.64,-67.35,0.075712062367112,0.864562221852701,-0.300327395469031,0.395731352925224
1632793905,-0.01,0.03,1.04,13,5.8,-16.42,41.65,19.23,-67.26,0.057633204659535,0.861227646269453,-0.322202331056781,0.388781446166643
1632793905,-0.03,-0.09,0.9,-2.38,5.31,-10.8,41.33,20.35,-67.63,0.025164959809853,0.852400517953269,-0.365835600107955,0.372752458723507
1632793905,-0.02,-0.13,1.04,-4.7,10.44,-9.83,40.71,20.83,-67.24,0.009850124555623,0.841289822423644,-0.3886388354767,0.375625165945983
1632793905,-0.06,-0.14,1.04,0.06,5.86,-9.22,40.71,20.61,-67.93,0.006668648489524,0.829095336801076,-0.398414942787129,0.392201459693819
1632793905,0,-0.05,1.04,3.42,2.87,-1.65,40.86,20.76,-68.05,-0.020064468799117,0.808851879768223,-0.439281474531642,0.39036885098651
1632793905,0.02,-0.1,1.03,-0.92,10.5,-3.48,40.82,20.9,-67.76,-0.014603983019825,0.781582849733687,-0.455862810021635,0.425563239861369
1632793905,0,-0.13,1,8.36,4.52,-0.43,41.14,21.12,-67.85,0.00298399549153,0.777039329261318,-0.438609893948266,0.45146687307345
1632793905,0.08,-0.12,1.07,5.98,-3.85,4.64,37.87,22.08,-67.29,0.030070424385855,0.77768029285084,-0.406665885497265,0.478468378538658
1632793905,0,-0.18,1.02,6.53,-7.45,6.59,40.76,21.91,-67.36,0.026312285104466,0.769702448627414,-0.409984498616461,0.488649685484145
1632793906,-0.07,-0.13,1.02,2.01,1.59,1.89,40.69,22.19,-67.99,0.009302839429664,0.751435362798237,-0.432669857984437,0.498051349467658
1632793906,0.04,-0.13,1.05,1.71,6.71,4.94,40.93,22.18,-67.4,-0.002514659849099,0.740146195779795,-0.445042633980286,0.504097549387447
1632793906,-0.03,-0.16,1.02,0.98,4.03,4.94,41.04,22.05,-67.61,-0.004467008573465,0.738985059102424,-0.441765539118672,0.508649522466089
1632793906,-0.06,-0.18,1,0.61,-0.18,8.3,40.61,22.5,-67.04,-0.010330716904428,0.735976864790406,-0.442111286570406,0.512609930715925
1632793906,0.04,-0.1,1.16,0.37,0.92,14.34,41.85,21.58,-67.15,-0.013046263678218,0.717082581950442,-0.451507646163955,0.530813725446895
1632793906,-0.08,-0.11,1.06,4.39,3.3,4.52,41.3,21.2,-66.94,-0.006302138742812,0.733180227547802,-0.428697132586724,0.527850173337226
1632793906,0.03,-0.05,1.12,-1.59,-5.43,2.99,41.42,21.26,-66.76,0.012268924817902,0.731507221873898,-0.407574526123753,0.546470185357942
1632793906,0.13,-0.22,1.08,4.46,-4.94,-11.6,41.41,21.67,-67.41,0.038896501488106,0.730813456189089,-0.377534621717232,0.567332674741876
1632793906,0.08,-0.16,1.06,5.37,-7.2,0.61,40.84,21.98,-67.96,0.036349275882163,0.728929628934455,-0.374310125467855,0.572042180417283
1632793906,0.02,-0.13,1.05,0.73,0,2.56,40.8,22.27,-67.99,0.014141308032946,0.710038957457842,-0.397402947701737,0.581133030774597
1632793906,-0.11,-0.17,1.11,1.65,7.39,-4.15,40.93,22.96,-67.37,0.001675473172904,0.707178463653766,-0.403221023941108,0.580782764194867
1632793906,0.07,-0.2,1.03,-0.73,2.5,-4.7,40.52,21.95,-68.14,0.008149071616634,0.729993438997784,-0.378429366509208,0.569064483354405
1632793906,-0.03,-0.21,1,-3.78,-6.1,4.39,40.53,22.47,-67.44,0.006435744907154,0.725669320007719,-0.375995597842093,0.576185672843739
1632793906,-0.08,-0.11,1.03,1.4,0.18,-1.65,39.78,22.77,-68.24,0.015611923568471,0.713108003689938,-0.36819912178473,0.596374588352654
1632793906,-0.07,-0.12,1.04,5.07,-1.22,-7.57,39.88,22.75,-67.86,0.027299853670999,0.706758110544818,-0.354254357912414,0.611761016303527
1632793906,0.02,-0.13,1.08,3.85,-2.87,-8.12,39.26,23.22,-67.91,0.025196897671747,0.701513812107996,-0.352163907134807,0.619050943203363
1632793906,0.07,-0.17,1.01,1.53,0.37,-6.9,38.66,23.16,-68.05,-0.004320331907533,0.702829548986221,-0.370232970469058,0.607403907940747
1632793906,0.06,-0.13,1.06,-3.97,6.04,-2.87,38.53,23.63,-68.18,-0.036799333803551,0.686605623037698,-0.398707705696428,0.606836627819153
1632793906,-0.05,-0.15,1.05,-0.49,9.16,1.34,39.01,23.35,-67.48,-0.075726122096081,0.660074615019957,-0.435852111698028,0.607124364333136
1632793906,-0.01,-0.15,1.03,0.43,11.96,0.61,39.61,24.02,-67.08,-0.073004803089692,0.659294013403573,-0.42881261196625,0.613287409323498
1632793907,-0.04,-0.18,1.02,1.04,-1.28,-1.04,39.42,23.67,-67.99,-0.074088420181384,0.647008712221591,-0.430337800526062,0.625060004913749
1632793907,0.07,-0.17,1.12,2.99,1.22,-0.67,39.81,23.77,-67.26,-0.099345379376773,0.633690480482021,-0.448149040848803,0.622679137059568
1632793907,0.04,-0.14,1.01,-0.55,6.65,-2.44,39.81,24.72,-67.86,-0.115517969497821,0.616430547981133,-0.462101211968898,0.62700195225825
1632793907,0,-0.15,1.02,1.53,5.25,1.77,40.09,24.04,-67.69,-0.167250941963467,0.593461338171248,-0.496883961805963,0.610685754712139
1632793907,0.02,-0.15,1.02,-3.11,13.31,-0.92,40.84,24.63,-67.7,-0.178613017087722,0.574488790650024,-0.508734711856004,0.615831967745327
1632793907,-0.02,-0.15,1.03,2.2,4.52,0.73,40.73,23.86,-66.77,-0.179094965872694,0.559426696683983,-0.513244734375726,0.625736851137838
1632793907,0.04,-0.15,1.03,3.11,1.77,0.31,41.22,23.49,-66.7,-0.180164427772547,0.561673006539406,-0.507194192764654,0.628345656081257
1632793907,0.02,-0.15,1.05,-0.31,-0.85,-2.32,41.13,23.56,-67.68,-0.188478508073654,0.557308433311048,-0.508173918667673,0.629001137153707
1632793907,0.02,-0.15,1.02,-0.18,1.59,-2.2,41.09,23.11,-67.76,-0.190631360008567,0.55314889236799,-0.506577177551268,0.633297363516967
1632793907,0.03,-0.15,1.02,0.73,0.37,-0.92,40.75,23.77,-67.47,-0.20345510091906,0.542504575417265,-0.512919760594251,0.633409919999114
1632793907,0.02,-0.16,1.02,0.31,3.42,-3.97,40.38,23.99,-66.81,-0.20491125997866,0.537446718153198,-0.511471754971988,0.63840351232288
1632793907,0.08,-0.17,1.05,0.98,0.37,-6.77,40.59,24.46,-67.04,-0.214328402980566,0.53202096173651,-0.513104666357576,0.638545717479054
1632793907,0,-0.14,1.03,-0.18,1.95,-4.21,40.36,24.74,-67.26,-0.220250893685537,0.511515355344168,-0.522665245933123,0.645494094296392
1632793907,0,-0.14,0.99,3.17,3.6,-0.61,40.03,24.65,-66.27,-0.236319575684341,0.504007546108947,-0.527087598938239,0.642112229021635
1632793907,0.03,-0.15,1.04,-0.85,3.48,0.49,40.06,24.71,-66.27,-0.247537328400294,0.485758809332953,-0.536314508563083,0.644306136947814
1632793907,0.03,-0.15,1.03,1.83,4.21,2.56,40.08,24.46,-66.04,-0.25184887481618,0.476350027502381,-0.538240741174711,0.648042977040878
1632793907,0.04,-0.16,1.03,1.22,1.59,0.79,40.25,24.73,-66.44,-0.239695835767292,0.478100170926537,-0.529384392764218,0.65857292502311
1632793907,0.04,-0.15,1.03,1.65,-3.11,-1.46,40.42,24.35,-67.05,-0.24790377535542,0.456889570064054,-0.538736673039202,0.662992033175261
1632793907,0.03,-0.15,1.03,2.81,4.03,1.71,40.59,25.05,-66.78,-0.246661413550728,0.450890822209608,-0.537086434348551,0.668875007419967
1632793907,0.03,-0.16,1.03,1.4,0.06,2.62,40.36,24.83,-66.27,-0.254384583251333,0.440974429962023,-0.539578739240092,0.670585430861563
1632793908,0.03,-0.16,1.03,0.79,2.26,1.65,40.53,24.74,-66.38,-0.25222911400899,0.440595425393296,-0.534580265998098,0.675633098933247
1632793908,0.03,-0.15,1.04,0.49,-0.92,-0.37,41.1,24.4,-66.6,-0.2488932936254,0.432354424139545,-0.533637302103349,0.682900439390048
1632793908,0.04,-0.16,1.02,2.08,0,3.78,40.78,24.82,-65.93,-0.247570484105791,0.430575033704183,-0.529625747488868,0.687612218730241
1632793908,0,-0.2,1.02,0.61,-0.55,1.16,40.5,24.46,-66.66,-0.212910047573806,0.426180940247404,-0.518572986018223,0.710014912508253
1632793908,0.04,-0.11,1.12,5.68,-6.35,5.74,41,24.34,-66.85,-0.172901548356206,0.429463643120975,-0.50146044177033,0.730892234979133
1632793908,-0.04,-0.08,1.04,4.76,-8.36,1.04,40.55,24.74,-65.71,-0.160957475148468,0.433044058172848,-0.491760634830188,0.738063014184042
1632793908,0.06,-0.18,0.98,0.98,-3.17,-3.11,39.79,25.11,-65.92,-0.183374075262402,0.423619165468813,-0.497657499749535,0.73434172162026
1632793908,0.04,-0.17,1,-0.92,4.88,-2.93,39.82,25.51,-66.8,-0.184730044432288,0.411470479464233,-0.499080061532733,0.739922933415368
1632793908,0.03,-0.2,0.9,2.2,1.34,-2.75,39.5,25.57,-67.77,-0.185461519286824,0.412554824674827,-0.494078980710986,0.742488048604783
1632793908,0.03,-0.17,1.01,-0.18,-0.49,-2.81,39.32,25.49,-67.22,-0.204201172359597,0.409107837359126,-0.495660409093634,0.738412769036016
1632793908,0.02,-0.16,1.03,-1.59,3.42,-2.32,39.16,25.31,-67.13,-0.202467799193169,0.400950348907657,-0.493948170807646,0.744486945860357
1632793908,0.01,-0.17,1.04,1.83,0.18,-0.67,39.06,25.39,-66.31,-0.204400847738702,0.393906398424179,-0.49265380062803,0.748565478399151
1632793908,0.03,-0.17,1.03,1.16,0.73,-1.1,39.22,25.42,-67.08,-0.205059723240498,0.39486650086229,-0.487560817328368,0.751209295607685
1632793908,0.01,-0.17,1.03,-0.18,-0.49,-0.85,38.93,25.82,-66.64,-0.220825461662157,0.391494588111156,-0.487998939280615,0.74821463379325
1632793908,0.04,-0.16,1.02,-1.22,2.87,-1.59,38.9,25.37,-66.59,-0.216014629026411,0.382550049214765,-0.485976917475117,0.755526025742162
1632793908,0.01,-0.17,1.03,2.32,-0.31,-2.38,38.9,24.94,-66.86,-0.22259485733749,0.379579403641341,-0.483901548410989,0.756445832339391
1632793908,-0.01,-0.16,1.03,-0.18,1.1,-1.22,38.45,25.04,-66.98,-0.233989671690251,0.377051163017075,-0.482646118118956,0.755072167858452
1632793908,0.01,-0.17,1.03,-0.85,1.95,-1.04,39,25.78,-66.82,-0.242147426923581,0.372009867004823,-0.481800927905946,0.755540302270046
1632793908,0.01,-0.16,1.02,0,1.65,-1.53,39.31,24.99,-66.49,-0.254283161137541,0.373135638825389,-0.478819858667139,0.752888711527972
1632793908,0.03,-0.16,1.04,-1.65,1.65,-1.77,39.03,25,-67.25,-0.276703920685724,0.361037631083713,-0.483785435685278,0.747688719613594
1632793909,0.06,-0.18,1.04,-0.43,5.19,-2.14,38.62,24.69,-66.78,-0.285741964836939,0.352803077106254,-0.484382723144177,0.747833467982623
1632793909,0.01,-0.16,1.03,0.43,2.2,2.26,38.94,25.1,-67.04,-0.28567156603596,0.343609613651519,-0.483979322782997,0.752388333829897
1632793909,0.01,-0.17,1.02,1.71,0.61,1.28,39.39,24.96,-66.37,-0.287211813790404,0.338874685568378,-0.481605815590399,0.755466187125318
1632793909,0.02,-0.17,1.03,0.67,0.37,0.79,39.55,24.8,-67.03,-0.298982813297885,0.322290451000254,-0.486203024195438,0.75521173309857
1632793909,0.03,-0.17,1.03,1.65,3.72,1.28,39.07,25.05,-67.08,-0.298936576439921,0.321372975964016,-0.481848495534276,0.758405143005878
1632793909,0.02,-0.17,1.02,0.12,-0.37,1.04,39.92,25.23,-66.22,-0.302018381684649,0.320742193896918,-0.477680259772037,0.760086121175026
1632793909,0.03,-0.16,1.03,-0.31,0.18,-0.18,39.51,25.49,-67.16,-0.298898675685744,0.314918756052725,-0.47522643651458,0.765274847879614
1632793909,0.01,-0.17,1.02,1.4,-0.37,1.1,39.56,25,-67.38,-0.294797374387265,0.316767226466009,-0.468937061735919,0.769968222994878
1632793909,0.05,-0.17,1.04,0.06,-1.46,-0.61,39.6,25.35,-67.55,-0.318339271179523,0.305436763959537,-0.47214054236351,0.763185298537326
1632793909,-0.07,-0.14,1.03,-0.67,5.31,-0.43,39.76,25.28,-66.89,-0.326372582539375,0.281119427566135,-0.479568968802865,0.76450402809457
1632793909,0.02,-0.17,1.03,3.54,3.91,2.5,39.42,25.35,-67.59,-0.344106148250941,0.277093675425393,-0.477810524335115,0.75928068368012
1632793909,0.04,-0.17,1.03,-1.46,3.36,0,39.7,25.09,-66.72,-0.337013865786077,0.28726826338925,-0.467543926231776,0.765049852075683
1632793909,0.03,-0.16,1.02,-1.22,-2.99,-2.56,39.64,25.33,-66.75,-0.336328237428104,0.295351732359028,-0.458564712277014,0.767703768100252
1632793909,0.02,-0.17,1.04,-1.59,-1.53,-3.72,39.53,25.27,-66.97,-0.336613081957547,0.283652388949754,-0.459271940284902,0.771558319354461
1632793909,0.05,-0.17,1.05,2.08,0.92,-0.24,39.43,22.29,-67.32,-0.328025354895628,0.282942542351112,-0.454059908329306,0.778570795702914
1632793909,-0.02,-0.16,1.01,0.98,-2.01,2.08,39.29,24.69,-67.32,-0.341127799849677,0.273661509924897,-0.454685158731681,0.775888270683666
1632793909,0.02,-0.17,1.01,0.18,3.11,2.14,38.94,24.82,-67.44,-0.346708168340802,0.268393070206854,-0.452711830447044,0.776408786944089
1632793909,0.03,-0.17,1.02,0.24,1.22,0.37,39.77,24.96,-67.1,-0.360702795359737,0.253627568346981,-0.455729536836349,0.773225154304357
1632793909,0.03,-0.16,1.02,1.1,3.91,1.65,39.79,24.91,-66.66,-0.371559046130653,0.250416061578675,-0.452759280630784,0.770872690620572
1632793909,0.03,-0.16,1.03,-0.79,2.01,0.24,39.27,24.78,-67.27,-0.380052930556759,0.240025600679179,-0.45326394177259,0.769739748280283
1632793910,0.03,-0.16,1.02,0.85,2.38,0.06,39.97,25.32,-67.58,-0.374224695653385,0.223040652263562,-0.456610936357734,0.775703034285344
1632793910,0.03,-0.16,1.04,3.72,0.37,0.67,39.76,24.8,-67.13,-0.373536583686356,0.2166550652771,-0.454867801528238,0.778862174245591
1632793910,0.03,-0.17,1.01,1.1,0.18,1.65,39.71,25.12,-67.93,-0.370857278155471,0.220927362261372,-0.447842620522066,0.783002533257254
1632793910,0.02,-0.16,1.04,-0.73,-1.4,-0.31,39.95,24.68,-66.61,-0.37410377408773,0.20684390308407,-0.449612138278406,0.784290055453328
1632793910,0.02,-0.16,1.03,2.14,1.77,0.55,39.76,25.11,-66.22,-0.36295051250702,0.197733501538643,-0.449005409669573,0.792188443444877
1632793910,0.02,-0.17,1.03,2.75,-1.53,1.89,39.65,24.69,-66.2,-0.367230029624426,0.184915751005304,-0.449841561661505,0.792837208873377
1632793910,0.03,-0.17,1.03,1.77,1.83,1.28,40.08,25.29,-65.38,-0.362516898078658,0.172667166065589,-0.450522426387146,0.797368855481918
1632793910,0.02,-0.17,1.03,2.62,0.06,3.54,39.82,24.82,-66.78,-0.354328379082738,0.165159697268028,-0.449143388717692,0.803395226862919
1632793910,0.03,-0.18,1.03,2.08,-1.1,1.77,40.26,25.22,-66.2,-0.350510035368226,0.15744559083468,-0.447696116384176,0.807416737755299
1632793910,0.02,-0.17,1.02,1.65,-0.24,0.98,39.89,25.35,-66.88,-0.335802846315419,0.144733324033443,-0.448515389386724,0.815550524985404
1632793910,0.03,-0.17,1.03,3.72,-1.77,2.93,40.25,25.37,-66.52,-0.330918234271335,0.135234067306811,-0.447560625136147,0.819691622559448
1632793910,0.02,-0.18,1.03,2.08,-0.24,2.08,40,25.59,-65.91,-0.332120296365415,0.13348797455966,-0.443452344695313,0.821722025611056
1632793910,0.02,-0.19,1.01,0,0.12,-1.22,39.77,25.26,-65.52,-0.336065759397563,0.137966361695749,-0.436732379973106,0.822976255237054
1632793910,0.01,-0.18,1.03,-1.46,0,-0.92,39.81,25.61,-65.73,-0.309317836077446,0.142501052451611,-0.430957543212632,0.835638392058839
1632793910,0.03,-0.18,1.02,1.59,-5.8,0.37,39.75,26.07,-66,-0.319247720483317,0.169187310268684,-0.416097552788485,0.834457532516597
1632793910,0.01,-0.18,1.02,-6.23,-0.98,-3.48,39.56,25.16,-66.3,-0.316890692809861,0.183653570561875,-0.405514450794077,0.837502050760199
1632793910,0,-0.17,1.02,-2.75,-2.14,-0.85,39.44,25.99,-67.04,-0.322303122940462,0.193937167844017,-0.396616665998283,0.837379419453257
1632793910,0,-0.16,1.03,-2.69,-0.24,2.81,39.26,24.78,-66.71,-0.324320737859662,0.19982999839864,-0.3892806207111,0.83865644281371
1632793910,-0.03,-0.16,1.03,-1.53,-0.49,3.05,39.4,24.69,-67.66,-0.324638060150459,0.210058753662302,-0.380760362821991,0.839944638660938
1632793910,-0.18,-0.04,0.88,-2.2,-1.16,1.59,39,24.35,-67.44,-0.32185932599739,0.209418448703903,-0.375710010788538,0.843440854716105
1632793911,-0.01,-0.12,1.04,0.18,-0.85,1.28,39.49,24.55,-67.6,-0.326739409439468,0.195177751959551,-0.376933754015724,0.844433507472778
1632793911,0.02,-0.17,0.99,2.2,1.89,-2.81,38.6,24.48,-66.83,-0.326695213053074,0.19817685550372,-0.37061389768642,0.84654681533424
1632793911,0,-0.16,1.03,-0.79,-0.61,-1.28,38.82,25.2,-67.32,-0.354825469563803,0.184972917531362,-0.372236055122246,0.837451028535872
1632793911,0.02,-0.16,1.03,-0.06,6.41,-1.65,38.27,24.93,-67.29,-0.377088509530109,0.17287595743161,-0.372832799771834,0.830008351004229
1632793911,0.03,-0.16,1.03,0.18,5.19,-1.71,38.81,25.5,-67.82,-0.388738625920301,0.165984544468642,-0.370770343040494,0.826958744095961
1632793911,0.02,-0.16,1.04,0.06,2.62,-4.94,38.59,25.77,-67.86,-0.390337861959322,0.161753696516757,-0.367601354158159,0.828457204450102
1632793911,0.02,-0.16,1.02,0.43,0.37,-4.21,38.76,25.42,-67.03,-0.370841612721139,0.159211859649643,-0.363662983871291,0.839569720858915
1632793911,-0.01,-0.17,1.04,1.95,-4.03,1.22,38.53,25.93,-67.29,-0.365738645110113,0.156455723406427,-0.359767061106704,0.843993194184074
1632793911,-0.06,-0.13,1.02,0.73,-1.1,-0.79,38.2,26.15,-67.18,-0.360738664877402,0.149618981472278,-0.357505273872835,0.848334695269961
1632793911,0,-0.14,1.04,1.53,-0.73,-4.27,38.13,25.9,-67.24,-0.34102965998503,0.159538510276304,-0.347957794671874,0.858586983290801
1632793911,0.02,-0.17,1.05,-0.61,-5.07,-3.97,37.7,25.89,-67.22,-0.342054183560552,0.154581872691696,-0.344837234636478,0.860343339459381
1632793911,0,-0.17,1.03,0.67,0.31,-5.31,37.65,25.95,-67.7,-0.347784790322851,0.154746646961515,-0.339808659672088,0.860017028718687
1632793911,0.03,-0.18,1.01,-0.73,0.85,-5.98,37.82,25.6,-67.18,-0.335877606614674,0.156336262760453,-0.333727576706921,0.866816653546884
1632793911,-0.01,-0.16,1.03,0.37,-2.81,-3.6,36.88,25.74,-67.53,-0.35406347161997,0.148702492645972,-0.332105037294309,0.861529379039992
1632793911,-0.01,-0.21,1.01,-0.12,3.97,0.55,36.63,26.38,-67.33,-0.374032481104163,0.148379862589528,-0.327145536889535,0.855019834360721
1632793911,-0.01,-0.15,1.04,-1.77,3.78,-0.61,37.78,25.89,-67.88,-0.377773865183279,0.133244658404524,-0.328519993797036,0.855340506153393
1632793911,0,-0.16,1.03,2.5,1.65,2.69,37.3,26.38,-67.36,-0.380046372409683,0.119197896042924,-0.329351975071452,0.856086381689205
1632793911,0.01,-0.16,1.03,2.38,1.28,3.23,36.89,26.26,-67.15,-0.387605651302908,0.117469780195976,-0.324595934232096,0.854751536587534
1632793911,0.02,-0.16,1.04,-0.55,1.4,0.06,37.37,26.57,-67.85,-0.396768906808682,0.118383090358212,-0.318584191649369,0.85268047435027
1632793911,0,-0.16,1.04,-1.22,1.53,0.24,37.62,25.61,-66.72,-0.401264486745207,0.113324375754085,-0.315493100966431,0.852413339161019
1632793912,-0.01,-0.17,1.02,0.37,1.04,1.46,37.81,26.06,-67.99,-0.411154405073703,0.110977444312459,-0.310879724750185,0.849699863941153
1632793912,0,-0.16,1.03,-0.61,1.95,1.46,37.96,25.92,-68.26,-0.405456210303023,0.099889609792106,-0.310945762782922,0.853779866235811
1632793912,0.01,-0.16,1.03,2.38,-0.61,1.83,38.11,26.12,-67.59,-0.399780112689084,0.089060032578299,-0.310883358299872,0.857668764516727
1632793912,-0.02,-0.16,1.02,2.32,-0.61,1.34,38.15,25.4,-67.07,-0.393814342113792,0.079149402853976,-0.310319471965264,0.861595880498822
1632793912,0,-0.16,1.03,2.14,-0.73,2.32,38.13,25.83,-67.19,-0.404291013523513,0.063258353198635,-0.311195859133566,0.857732064454192
1632793912,0,-0.16,1.03,2.14,3.11,2.2,38.17,25.71,-68.05,-0.403944645572984,0.064275493043343,-0.305381246443998,0.859906784847789
1632793912,0.04,-0.16,1.05,-0.55,-0.37,-0.98,38.12,25.62,-67.49,-0.416298672932031,0.067896619032139,-0.297535432812299,0.856480081648273
1632793912,0,-0.16,1.01,-2.01,2.08,0.61,38.39,25.89,-67.2,-0.41254630027283,0.058322278014255,-0.296854885550018,0.859232936370292
1632793912,0.03,-0.17,1.03,1.89,-0.31,-0.31,38.5,25.32,-67.7,-0.416898064138332,0.0526602334437,-0.293673902279404,0.858591021995544
1632793912,0,-0.17,1.03,0.49,1.1,0.61,38.01,25.79,-67.27,-0.414864156193196,0.051526619304958,-0.289021911416413,0.861219527257895
1632793912,0.01,-0.16,1.03,0,-0.55,-0.61,38.6,25.59,-67.46,-0.425478206349851,0.044620767611218,-0.285724300886444,0.857519041713974
1632793912,0,-0.16,1.04,0.31,2.5,0.18,38.13,25.87,-67.74,-0.423578049704396,0.030860834404872,-0.2868587644182,0.858685794679823
1632793912,0.02,-0.16,1.03,2.62,0.37,2.14,38.42,25.77,-67.03,-0.442221970424651,0.031114323932758,-0.279078888178263,0.851813713139869
1632793912,0.01,-0.17,1.04,-1.77,3.72,1.4,38.96,25.87,-67.11,-0.448251417916763,0.02139761652113,-0.277602849090193,0.849440678634967
1632793912,0,-0.17,1.02,1.22,1.77,-0.67,38.18,25.63,-66.91,-0.441016306004082,0.015973325521981,-0.275718588519962,0.853948904007051
1632793912,0,-0.17,1.03,1.22,-1.34,-0.85,37.6,25.82,-66.54,-0.459312981023113,0.015252254175819,-0.268145458229558,0.846697683613861
1632793912,0,-0.17,1.02,-1.53,3.78,-2.14,37.82,25.68,-66.61,-0.464375521496791,0.0089904494013,-0.265093330748607,0.844985250076447
1632793912,0.01,-0.17,1.02,0.55,1.34,-0.24,38.45,26.04,-67.03,-0.475906605308849,0.005486137444225,-0.259600593531399,0.840291816666981
1632793912,0,-0.17,1.03,-0.49,2.56,-1.83,38.46,25.67,-67.24,-0.493405141752024,0.00543907825617,-0.251288165160016,0.832692044258201
1632793913,0.02,-0.17,1.03,-1.65,3.66,-5.74,38.07,25.61,-66.52,-0.496235704947223,0.003967809524246,-0.245988971232964,0.832600629146327
1632793913,0.02,-0.16,1.03,-0.37,0.55,-3.72,37.99,25.66,-67.07,-0.501598100686185,0.003642189002482,-0.239642624455226,0.831238529178896
1632793913,0.01,-0.16,1.03,-0.79,1.04,-3.36,37.4,26.23,-67.15,-0.511853291078907,0.006271479241388,-0.230781985717336,0.827469970469128
1632793913,0,-0.16,1.04,-1.77,1.95,-1.77,37.56,25.68,-66.8,-0.524465860220301,-0.010292773201241,-0.232560394395499,0.818990404853328
1632793913,0.01,-0.16,1.03,2.38,3.72,1.34,37.81,25.48,-66.75,-0.531804905691005,-0.015401947309892,-0.22843947664009,0.81532921437567
1632793913,0.02,-0.16,1.03,0.12,1.83,0.73,38.21,26.33,-67.13,-0.550614829729707,-0.02484276861984,-0.224718810107544,0.803559333536034
1632793913,0.01,-0.16,1.02,0.37,4.76,0.85,38.32,26.17,-66.27,-0.560061218341218,-0.034908376912003,-0.223132005439879,0.797072735125157
1632793913,0.02,-0.16,1.03,1.1,2.69,1.28,38.83,25.98,-66.83,-0.578243911717647,-0.041993747463963,-0.217504530215176,0.785214800593622
1632793913,0.01,-0.16,1.04,-0.18,4.58,1.1,38.55,26,-66.97,-0.58279733623794,-0.052796505506753,-0.217569331727811,0.781167958746229
1632793913,0.03,-0.17,1.03,1.59,1.65,0.79,38.53,26.07,-67.53,-0.57910955220661,-0.066876362737648,-0.222067995741881,0.781566045780666
1632793913,0.03,-0.16,1,2.93,-0.06,0.61,38.32,25.73,-65.93,-0.587897331511772,-0.066548620510312,-0.213411227828285,0.777434020702938
1632793913,0.03,-0.17,1.02,-1.34,1.95,0.37,38.42,26.4,-67.15,-0.601398580191422,-0.069069049826623,-0.205266339519871,0.769035073296337
1632793913,0.03,-0.16,1.03,-0.98,3.3,-0.73,38.34,26,-67.03,-0.59882904314448,-0.075667902343764,-0.204362692318828,0.770658183392456
1632793913,0.04,-0.16,1.04,1.04,-0.31,-0.24,38.51,26.25,-67.68,-0.591035996307731,-0.090190758348103,-0.21050960528278,0.773451862924132
1632793913,0,-0.16,1.03,3.3,-1.04,1.65,38.31,25.92,-66.85,-0.56524678166423,-0.099476441844441,-0.2180022094156,0.789351347643188
1632793913,0.01,-0.19,1.08,3.17,-5.62,0.98,38,25.44,-66.43,-0.533484492206753,-0.097457968393764,-0.221076301119697,0.810568633771809
1632793913,-0.09,-0.06,0.85,1.04,-7.57,-2.81,37.62,25.94,-66.66,-0.520693994622786,-0.079332055792699,-0.207109465259753,0.824433052641201
1632793913,0.1,-0.22,1.2,-4.09,-4.09,1.89,37.68,26.42,-67.68,-0.524366827694575,-0.089156660514274,-0.206160427804883,0.821333305002773
1632793913,0.03,-0.17,1,1.46,1.34,8.18,37.56,25.93,-67.6,-0.502551280081448,-0.101010454056653,-0.212473018822717,0.831922060851934
1632793913,0.02,-0.16,1.04,3.36,-4.33,11.9,37.83,26.01,-67.59,-0.527149982366728,-0.101884597566987,-0.200838891654719,0.81938767654162
1632793914,-0.01,-0.15,1,-1.77,5.62,-3.78,37.52,26.25,-67.3,-0.539541302955165,-0.117397205558736,-0.200490033043025,0.809269315606894
1632793914,0.03,-0.14,1.04,2.26,3.72,-0.79,38.29,25.96,-68.26,-0.542286713037939,-0.121447736601046,-0.196360226965626,0.807847899918666
1632793914,0,-0.17,0.99,0.18,0.85,-3.11,38.02,25.74,-67.19,-0.548404691396931,-0.130638438133247,-0.193974190990753,0.802844883003825
1632793914,0.01,-0.16,1.04,1.16,1.95,-15.56,38.42,26.09,-66.87,-0.556750013639459,-0.135852287085747,-0.188694422771974,0.797476014197785
1632793914,0.04,-0.16,1,0.12,2.26,-1.16,38.54,25.62,-67.13,-0.559757537732426,-0.142713793350491,-0.185928890080691,0.794817412977727
1632793914,0.02,-0.17,1.03,0.79,1.1,0,38.23,25.65,-66.76,-0.572496611119303,-0.140241474681684,-0.174305128527251,0.788795081884464
1632793914,-0.04,-0.15,0.99,-1.95,2.93,-2.26,37.85,25.96,-68.13,-0.593325215612702,-0.128976020144361,-0.154007929307939,0.779494664802873
1632793914,-0.02,-0.14,1.01,-4.52,4.52,-3.3,37.88,25.62,-67.85,-0.602613113464883,-0.125321582555607,-0.142326017990196,0.775174329444012
1632793914,0.02,-0.15,1.02,-2.08,2.14,-2.62,37.72,25.15,-67.58,-0.603504578228355,-0.132170996692098,-0.140612420741717,0.773654444066592
1632793914,0.01,-0.16,1.03,0.92,0.55,-3.11,38.26,25.83,-68.74,-0.605497424315939,-0.136784845816726,-0.136937464580275,0.771952657807449
1632793914,0.02,-0.15,1.03,0.31,0.73,-1.53,37.41,25.93,-67.55,-0.609139776374064,-0.136102063447106,-0.128807320825297,0.770606018187118
1632793914,0.02,-0.15,1.04,-1.1,0.92,-5.07,37.61,26.33,-67.49,-0.610068265491324,-0.141261421003458,-0.125804533397799,0.769438198787306
1632793914,0.04,-0.16,1.04,0.49,0.49,-4.15,37.7,25.92,-67.3,-0.615531788480442,-0.138911014055434,-0.115885351036349,0.767069053579495
1632793914,0,-0.12,1.03,-1.59,1.34,-3.54,37.54,26.1,-67.76,-0.634683383845756,-0.147243195340191,-0.109941039272475,0.750606029538664
1632793914,0.04,-0.15,1.03,0.61,5.31,2.01,37.33,25.68,-67.66,-0.639007413504498,-0.173220678294471,-0.122665014785999,0.739335793969862
1632793914,-0.05,-0.12,1.02,5.8,2.26,8.06,37.72,25.85,-66.99,-0.634565221907227,-0.190363226190185,-0.131226905915853,0.737474284584926
1632793914,0.01,-0.15,1.04,3.85,-0.31,2.44,37.55,25.82,-66.88,-0.613635681971595,-0.196320439637616,-0.137526782764454,0.752327002582127
1632793914,0.02,-0.17,1.02,1.71,-5.07,-1.53,37.98,25.77,-66.97,-0.609474005101928,-0.193455946325036,-0.130516884805304,0.757681712011858
1632793914,0.02,-0.16,1.02,-1.34,-1.1,-3.23,38.07,25.06,-66.78,-0.61961106522547,-0.196856598491525,-0.122565374888405,0.749871546572458
1632793914,0,-0.15,1.03,-0.37,2.87,-1.46,37.37,25.89,-67.04,-0.612896659427582,-0.211606178698983,-0.129743335067483,0.750164766570979
1632793915,0.03,-0.16,1.03,3.3,-0.98,0.61,38.09,25.67,-67.96,-0.607221141773073,-0.207158338129131,-0.122121751435177,0.757267578702394
1632793915,0.01,-0.16,1.03,-1.71,-1.53,-1.04,36.94,25.92,-67.44,-0.608446840633988,-0.206678520670431,-0.114631375175151,0.757585690890116
1632793915,0.01,-0.15,1.04,-0.98,0.43,-1.22,37.48,25.98,-67.47,-0.622727563009581,-0.212605085603676,-0.106892052109478,0.74537477086324
1632793915,0.02,-0.15,1.03,0.18,4.09,-2.5,37.29,26.15,-67.13,-0.627956826179267,-0.223473782894451,-0.106539849572088,0.737820407190573
1632793915,0.01,-0.15,1.03,1.83,1.95,1.83,37,26.71,-67.66,-0.626273318335161,-0.247995795956365,-0.119772671181891,0.729338277596473
1632793915,0.01,-0.16,1.03,5.74,0.73,2.2,37.33,26.43,-66.6,-0.626273318335161,-0.247995795956365,-0.119772671181891,0.729338277596473
