-0.010689139366149902,1.0002436637878418,-0.004740871023386717
-0.010383713990449905,0.9992473721504211,-0.0038933120667934418
-0.012581493705511093,1.0002151727676392,-0.0039184438064694405
-0.01013171672821045,0.9992528557777405,-0.004497392103075981
-0.009425606578588486,1.0009454488754272,-0.0030140606686472893
-0.010407444089651108,1.000451922416687,-0.002424905076622963
-0.01185493916273117,1.00118887424469,-0.0037780432030558586
-0.010877570137381554,1.001070499420166,-0.003885912708938122
-0.010877570137381554,1.001070499420166,-0.003885912708938122
-0.011460598558187485,1.0009629726409912,-0.005840841680765152
-0.011460598558187485,1.0009629726409912,-0.005840841680765152
-0.011359129101037979,1.001682162284851,-0.004496078006923199
-0.011359129101037979,1.001682162284851,-0.004496078006923199
-0.011104635894298553,1.000470519065857,-0.004988429136574268
-0.012689102441072464,0.9998578429222107,-0.004895614925771952
-0.01063002459704876,0.9999765753746033,-0.003891085274517536
-0.012091409415006638,1.0009489059448242,-0.004269868601113558
-0.011955225840210915,1.0015668869018555,-0.005478615406900644
-0.01050529070198536,1.0010751485824585,-0.004366610199213028
-0.008537469431757927,1.0003589391708374,-0.005437120329588652
-0.009995101019740105,0.9992619156837463,-0.005589499603956938
-0.00988093949854374,0.9991357922554016,-0.004980904050171375
-0.010379675775766373,1.0004684925079346,-0.0044912369921803474
-0.009406382218003273,1.0001039505004883,-0.004236423876136541
-0.009684646502137184,1.0034947395324707,-0.0025109071284532547
-0.009531151503324509,0.9999801516532898,-0.003996140323579311
-0.009662417694926262,0.9988775253295898,-0.0030344193801283836
-0.010513439774513245,1.0005828142166138,-0.0036412449553608894
-0.010255753993988037,1.001322865486145,-0.004847176838666201
-0.009045088663697243,0.9990054965019226,-0.0036320192739367485
-0.010385816916823387,1.0008302927017212,-0.004123643506318331
-0.010270867496728897,1.0014357566833496,-0.0037522539496421814
-0.01174565777182579,1.0005722045898438,-0.0026871804147958755
-0.011613963171839714,1.001065731048584,-0.0035322620533406734
-0.011852836236357689,0.9996058344841003,-0.0035477117635309696
-0.010154642164707184,1.0007015466690063,-0.0031485697254538536
-0.010374344885349274,0.9998623728752136,-0.004739244934171438
-0.011607861146330833,1.0016785860061646,-0.004135096911340952
-0.01198374480009079,0.9998438954353333,-0.0029398356564342976
-0.01123926229774952,1.0018030405044556,-0.004371714778244495
-0.012827424332499504,1.0017973184585571,-0.004152441862970591
-0.012342957779765129,0.9998469948768616,-0.003431529738008976
-0.011237572878599167,1.0003418922424316,-0.004140400793403387
-0.013427594676613808,1.0014359951019287,-0.004772295709699392
-0.013183297589421272,0.99985271692276,-0.0044167498126626015
-0.01206805557012558,0.9988912343978882,-0.005502052139490843
-0.01464676670730114,1.001920461654663,-0.004908242728561163
-0.012084444984793663,1.0003437995910645,-0.004639425314962864
-0.012812631204724312,0.9993690848350525,-0.0046582771465182304
-0.011491222307085991,1.0008227825164795,-0.0035323933698236942
-0.011490432545542717,1.0015544891357422,-0.0037695998325943947
-0.012328669428825378,0.9999774098396301,-0.0045244875364005566
-0.012216143310070038,0.9998502135276794,-0.003794343676418066
-0.011729700490832329,0.9997287392616272,-0.0036664456129074097
-0.010757682844996452,1.0007038116455078,-0.0036439290270209312
-0.01074989140033722,0.9998555779457092,-0.004015449434518814
-0.010400461032986641,0.9993593096733093,-0.00267683994024992
-0.012342600151896477,1.0011876821517944,-0.0037853741087019444
-0.011132046580314636,1.0017945766448975,-0.003275941126048565
-0.010880423709750175,1.0009468793869019,-0.0036437977105379105
-0.011467527598142624,1.0005933046340942,-0.0052360426634550095
-0.012230034917593002,1.0000855922698975,-0.0028199879452586174
-0.010386209934949875,1.0004645586013794,-0.0040050409734249115
-0.009777799248695374,0.9988811612129211,-0.0035224477760493755
-0.010147280991077423,1.0004621744155884,-0.0036367299035191536
-0.010757287964224815,1.0010697841644287,-0.003762531094253063
-0.010517101734876633,1.0002151727676392,-0.0032795434817671776
-0.009653480723500252,1.0001014471054077,-0.003996990621089935
-0.010281043127179146,1.0005766153335571,-0.0027867364697158337
-0.009806843474507332,1.00020432472229,-0.001688411459326744
-0.011626580730080605,0.9999614357948303,-0.0023256102576851845
-0.010515918955206871,1.001312494277954,-0.003635353408753872
-0.010159127414226532,1.0005769729614258,-0.002784904558211565
-0.010265123099088669,1.000707983970642,-0.004001243971288204
-0.012364229187369347,1.0008090734481812,-0.002086634747684002
-0.011134862899780273,1.0006961822509766,-0.002798583824187517
-0.012237019836902618,1.0011781454086304,-0.0025680516846477985
-0.012237019836902618,1.0011781454086304,-0.0025680516846477985
-0.009912405163049698,0.9997262358665466,-0.0027881129644811153
-0.009912405163049698,0.9997262358665466,-0.0027881129644811153
-0.011118905618786812,0.9998528361320496,-0.0037778494879603386
-0.011118905618786812,0.9998528361320496,-0.0037778494879603386
-0.00989113375544548,0.998764157295227,-0.004133007954806089
-0.010868163779377937,1.0007104873657227,-0.0044966042041778564
-0.009414229542016983,1.0024144649505615,-0.004217765759676695
-0.009894024580717087,0.9996152520179749,-0.0041261338628828526
-0.010141931474208832,0.9993687272071838,-0.003767115995287895
-0.011732177808880806,1.0004583597183228,-0.003660554066300392
-0.010013967752456665,1.0014441013336182,-0.004720980767160654
-0.010766638442873955,0.9999673962593079,-0.0027989777736365795
-0.009281672537326813,1.0016899108886719,-0.00482956925407052
-0.010134607553482056,1.000104308128357,-0.004490518011152744
-0.011119730770587921,1.000096082687378,-0.0037758853286504745
-0.011503085494041443,1.00142502784729,-0.002798189874738455
-0.012964829802513123,1.0010567903518677,-0.002823127433657646
-0.011124612763524055,0.9996055960655212,-0.0032936176285147667
-0.010416420176625252,1.0002028942108154,-0.0016975747421383858
-0.012131419032812119,1.0006812810897827,-0.0012331092730164528
-0.010650468990206718,1.0006954669952393,-0.0025481553748250008
-0.011991480365395546,0.9992300271987915,-0.0022154520265758038
-0.012509837746620178,1.0010384321212769,-0.00038481783121824265
-0.011149151250720024,1.0005658864974976,-0.001705625094473362
-0.011872436851263046,0.9995941519737244,-0.002089124172925949
-0.011492779478430748,0.9988722801208496,-0.0029403604567050934
-0.010417282581329346,1.0014208555221558,-0.0019308524206280708
-0.011623743921518326,1.0005724430084229,-0.0026853475719690323
-0.010875504463911057,1.0004624128341675,-0.003890823572874069
-0.010888570919632912,1.0004545450210571,-0.0029184320010244846
-0.010026492178440094,0.9979028701782227,-0.0029262243770062923
-0.010873889550566673,1.000950813293457,-0.004129993263632059
-0.012838784605264664,0.9998409152030945,-0.0028311158530414104
-0.010867731645703316,1.0001014471054077,-0.004379965364933014
-0.010134626179933548,1.0005916357040405,-0.0046081384643912315
-0.011013360694050789,1.000818133354187,-0.0027957684360444546
-0.010006178170442581,1.0005956888198853,-0.005092501640319824
-0.009780313819646835,1.000585675239563,-0.00375179760158062
-0.010368600487709045,0.9991346001625061,-0.004988234490156174
-0.009902210906147957,1.0000978708267212,-0.003636009991168976
-0.011370508000254631,1.0002131462097168,-0.003292372450232506
-0.01023322343826294,0.9995084404945374,-0.006077396217733622
-0.009291792288422585,0.9993686079978943,-0.003511189017444849
-0.00916217640042305,1.0009578466415405,-0.004468982107937336
-0.008808260783553123,1.000585913658142,-0.003494038712233305
-0.008437613025307655,1.0005897283554077,-0.0038531869649887085
-0.008800111711025238,1.0010782480239868,-0.0042194039560854435
-0.008438477292656898,1.001807689666748,-0.004086465109139681
-0.008949700742959976,0.9986243844032288,-0.0015667998231947422
-0.008712517097592354,1.0015455484390259,-0.001782665029168129
-0.008950620889663696,1.0013046264648438,-0.0021529407240450382
-0.009663300588726997,1.0005829334259033,-0.003385317511856556
-0.00953851267695427,1.000219464302063,-0.0035079806111752987
-0.010552678257226944,1.001534342765808,-0.0009593120776116848
-0.011609833687543869,0.9998496174812317,-0.0035420823842287064
-0.010059649124741554,0.9999546408653259,-0.0009647472761571407
-0.01234622485935688,0.9998450875282288,-0.003188431728631258
-0.012832626700401306,0.9989916086196899,-0.0030810879543423653
-0.012713994830846786,0.9994773268699646,-0.0029537775553762913
-0.013938894495368004,1.0002021789550781,-0.0027231136336922646
-0.015187505632638931,1.0016438961029053,-0.0009064227342605591
-0.013423841446638107,0.9993667006492615,-0.004545891657471657
-0.015279190614819527,1.0014179944992065,-0.003098100423812866
-0.015783995389938354,1.0011630058288574,-0.0017703566700220108
-0.014644607901573181,0.9988753795623779,-0.00432504853233695
-0.015507441014051437,0.9997208714485168,-0.003844807855784893
-0.016111740842461586,1.0005754232406616,-0.004454841837286949
-0.014768138527870178,0.998386800289154,-0.004087711684405804
-0.014768138527870178,0.998386800289154,-0.004087711684405804
-0.013048352673649788,1.0008355379104614,-0.005622549913823605
-0.013048352673649788,1.0008355379104614,-0.005622549913823605
-0.0119657963514328,1.0003420114517212,-0.00439449492841959
-0.0119657963514328,1.0003420114517212,-0.00439449492841959
-0.012207580730319023,1.0002208948135376,-0.004520690534263849
-0.01171751506626606,1.0014419555664062,-0.004989735782146454
-0.01076584868133068,1.0006989240646362,-0.00303618423640728
-0.01136973686516285,1.0014320611953735,-0.003647199831902981
-0.011602923274040222,1.000706672668457,-0.004264502320438623
-0.01063895970582962,0.9987527132034302,-0.002928514499217272
-0.010647689923644066,1.002768635749817,-0.0032607540488243103
-0.011271893978118896,1.000808835029602,-0.0017054937779903412
-0.008817646652460098,1.0004584789276123,-0.0027657276950776577
-0.009667785838246346,1.0004583597183228,-0.0030216537415981293
-0.009187411516904831,0.998749315738678,-0.0020556794479489326
-0.008549259975552559,0.9990114569664001,-0.004232433158904314
-0.008562758564949036,0.9996126294136047,-0.003376680426299572
-0.010146023705601692,0.9996098875999451,-0.003522054757922888
-0.010533886030316353,1.0013017654418945,-0.0022983145900070667
-0.009655941277742386,1.000343680381775,-0.003873477689921856
-0.01089673861861229,1.0004496574401855,-0.0023106872104108334
-0.010267186909914017,1.0013160705566406,-0.003996334038674831
-0.011000705882906914,1.0009477138519287,-0.0037671783939003944
-0.010628031566739082,1.001318097114563,-0.004366479814052582
-0.010387789458036423,0.9990012645721436,-0.0035306294448673725
-0.011368442326784134,0.9996050000190735,-0.003297283314168453
-0.010506099089980125,1.000830888748169,-0.004247025121003389
-0.010769922286272049,1.0004528760910034,-0.0026735011488199234
-0.011490808799862862,1.0007011890411377,-0.0035333759151399136
-0.0101570263504982,0.9989941120147705,-0.002554573118686676
-0.011384794488549232,1.0000827312469482,-0.002199414651840925
-0.01187572255730629,1.0000797510147095,-0.0019636470824480057
-0.012338470667600632,0.9999715685844421,-0.00379519397392869
-0.012080390006303787,1.0010772943496704,-0.005119728855788708
-0.012216592207551003,1.0009466409683228,-0.004028603434562683
-0.00965104065835476,1.0003465414047241,-0.004238124471157789
-0.010632088407874107,1.000584602355957,-0.0038861753419041634
-0.009675523266196251,0.999844491481781,-0.002297269646078348
-0.011008085682988167,1.0016742944717407,-0.0033966386690735817
-0.010138608515262604,0.9979084134101868,-0.0036573512479662895
-0.011253098025918007,1.0005762577056885,-0.003044496290385723
-0.010144785046577454,0.9992450475692749,-0.0035250005312263966
-0.010634154081344604,1.0011926889419556,-0.0038812654092907906
-0.00941745936870575,1.001437783241272,-0.003739425912499428
-0.008324315771460533,1.0016815662384033,-0.003477869089692831
-0.01076016016304493,1.0014334917068481,-0.003638036549091339
-0.010142361745238304,0.9999777674674988,-0.0038837548345327377
-0.00942564569413662,1.001920223236084,-0.0032493015751242638
-0.00832914188504219,0.9997290968894958,-0.0026427386328577995
-0.009428838267922401,0.9999687075614929,-0.002535720355808735
-0.009182097390294075,0.9986305832862854,-0.002421308308839798
-0.011012984439730644,1.001671314239502,-0.0030319923534989357
-0.009088438004255295,1.000685453414917,-0.0008226451463997364
-0.00931512750685215,1.000938892364502,-0.0021613850258290768
-0.010925747454166412,1.0007978677749634,-0.00024140812456607819
-0.011646144092082977,0.9989750385284424,-0.0006317817606031895
-0.010047031566500664,1.00105881690979,-0.0021713986061513424
-0.01138194091618061,1.0002063512802124,-0.002441530115902424
-0.010656176134943962,1.0004483461380005,-0.002063923515379429
-0.012338506057858467,1.0009464025497437,-0.004030436277389526
-0.013227062299847603,1.0016543865203857,-0.00160639313980937
-0.010787535458803177,1.001782774925232,-0.0016903076320886612
-0.011237947270274162,0.9994886517524719,-0.003904176875948906
-0.014151711016893387,1.0007073879241943,-0.005153831094503403
-0.012466544285416603,1.0008203983306885,-0.0035470547154545784
-0.014150867238640785,0.9999768137931824,-0.005038173869252205
-0.013290097936987877,0.9997395873069763,-0.005513504613190889
-0.013299955055117607,1.0011959075927734,-0.005137073807418346
-0.013299955055117607,1.0011959075927734,-0.005137073807418346
-0.014278091490268707,1.0000953674316406,-0.0046743773855268955
-0.014278091490268707,1.0000953674316406,-0.0046743773855268955
-0.014125538989901543,0.9997482895851135,-0.0068633719347417355
-0.014125538989901543,0.9997482895851135,-0.0068633719347417355
-0.014061711728572845,1.0023947954177856,-0.0031934669241309166
-0.012970931828022003,1.0004438161849976,-0.0022202935069799423
-0.01114344410598278,1.0008128881454468,-0.0021898564882576466
-0.010652516037225723,1.0008161067962646,-0.002425624057650566
-0.009700492024421692,1.0014137029647827,-0.000825915951281786
-0.009094182401895523,1.0014132261276245,-0.0005736546590924263
-0.009791295975446701,0.9994823336601257,-0.0026666950434446335
-0.008702998980879784,0.9982610940933228,-0.0016876300796866417
-0.008708406239748001,1.000816822052002,-0.0019101053476333618
-0.009087629616260529,1.000929832458496,-0.0009422297589480877
-0.010049490258097649,1.0013010501861572,-0.0020478861406445503
-0.0073574986308813095,0.9998510479927063,-0.0023839985951781273
-0.00845392793416977,1.000092625617981,-0.0025200769305229187
-0.009220568463206291,1.0008009672164917,-9.420141577720642e-05
-0.009327368810772896,1.000687837600708,-0.0011909576132893562
-0.00809798389673233,1.0000877380371094,-0.001785285770893097
-0.010274471715092659,0.9996055960655212,-0.003037691116333008
-0.009065138176083565,1.00009024143219,-0.002407691441476345
-0.00955856405198574,1.0013041496276855,-0.00228365371003747
-0.009678376838564873,0.9997209906578064,-0.002055153250694275
-0.011737961322069168,1.002160906791687,-0.0036468058824539185
-0.011134035885334015,1.000452995300293,-0.002800547983497381
-0.009419864043593407,1.0002177953720093,-0.0032630497589707375
-0.012722218409180641,1.0009348392486572,-0.0026988955214619637
-0.011003129184246063,1.0002150535583496,-0.0034084226936101913
-0.010645998641848564,1.0013073682785034,-0.003029441460967064
-0.01172436773777008,0.9991226196289062,-0.0039144535548985004
-0.013314617797732353,1.0002124309539795,-0.00380789116024971
-0.01197931356728077,1.001430630683899,-0.0036563631147146225
-0.012584347277879715,1.000091552734375,-0.003676328808069229
-0.013931985944509506,1.0010592937469482,-0.0034455331042408943
-0.012239798903465271,0.9991048574447632,-0.0018554520793259144
-0.012603085488080978,0.9988618493080139,-0.0019844630733132362
-0.013811271637678146,1.0004496574401855,-0.003205514047294855
-0.014053957536816597,1.002521276473999,-0.0038002291694283485
-0.013457786291837692,1.000686764717102,-0.0023472090251743793
-0.01235155388712883,1.0004510879516602,-0.0029404237866401672
-0.011866766959428787,1.0008161067962646,-0.002808597404509783
-0.010018793866038322,0.9994915127754211,-0.0038858503103256226
-0.010378474369645119,1.001078486442566,-0.004729424137622118
-0.009765144437551498,0.9990105628967285,-0.004493857733905315
-0.01077895425260067,1.0016659498214722,-0.00229903357103467
-0.01005435548722744,1.0003232955932617,-0.001447997521609068
-0.00930527038872242,0.9994824528694153,-0.0025378158316016197
-0.00981142371892929,1.002516746520996,-0.0019128508865833282
-0.008814305067062378,0.9985108375549316,-0.002538341097533703
-0.008834807202219963,1.0006918907165527,-0.001548273954540491
-0.008117565885186195,0.9995884299278259,-0.00020907726138830185
-0.00932248868048191,1.00117826461792,-0.001673225313425064
-0.00883437693119049,1.0000829696655273,-0.0014316351152956486
-0.009062303230166435,1.0007010698318481,-0.0027674282900989056
-0.008578643202781677,0.9985065460205078,-0.001926930621266365
-0.01091921329498291,1.0008018016815186,-0.0007276041433215141
-0.010036744177341461,0.9989933967590332,-0.0024311915040016174
-0.011125044897198677,1.000214695930481,-0.0034102555364370346
-0.011865472421050072,0.9989890456199646,-0.0024586813524365425
-0.013455400243401527,1.002394199371338,-0.002941205631941557
-0.013927837833762169,0.9993557333946228,-0.0033377325162291527
-0.01317676529288292,0.9998566508293152,-0.00490294536575675
-0.015035737305879593,1.0005652904510498,-0.002858211286365986
-0.01598939299583435,0.9999666810035706,-0.004336369689553976
-0.015245247632265091,1.0000979900360107,-0.005296783521771431
-0.014132935553789139,1.000962495803833,-0.006610454060137272
-0.014620143920183182,0.9998648762702942,-0.0063835252076387405
-0.014620143920183182,0.9998648762702942,-0.0063835252076387405
-0.013046268373727798,0.9997401833534241,-0.00550983939319849
-0.013046268373727798,0.9997401833534241,-0.00550983939319849
-0.013677600771188736,1.0027720928192139,-0.004643609281629324
-0.013677600771188736,1.0027720928192139,-0.004643609281629324
-0.010764196515083313,1.000212550163269,-0.0030401116237044334
-0.010892646387219429,1.0002084970474243,-0.0025557484477758408
-0.009786022827029228,1.0003385543823242,-0.003267565742135048
-0.009671015664935112,0.9994816184043884,-0.002543313428759575
-0.008965732529759407,1.0014175176620483,-0.001058017835021019
-0.006653813645243645,1.000810980796814,-0.0005419114604592323
-0.006162527948617935,1.00215482711792,-0.0011315243318676949
-0.007144328206777573,1.0006862878799438,-0.00030712690204381943
-0.006410321220755577,0.9989835619926453,-6.678048521280289e-05
-0.006913132965564728,1.0000700950622559,0.0007855696603655815
-0.0070518143475055695,1.0006691217422485,0.0018825875595211983
-0.00640132836997509,0.9987452030181885,-0.0006764894351363182
-0.006418505683541298,0.9994661211967468,0.00042334292083978653
-0.0068878233432769775,1.0003288984298706,-0.0011572493240237236
-0.007994072511792183,1.0010520219802856,-0.0006816554814577103
-0.00979054719209671,1.00118887424469,-0.0031391428783535957
-0.009417816996574402,1.0000971555709839,-0.003385581076145172
-0.011257585138082504,1.0004518032073975,-0.002680831588804722
-0.010869365185499191,1.0001004934310913,-0.004258416127413511
-0.011235488578677177,0.99924635887146,-0.004027689807116985
-0.01378675177693367,0.9999768137931824,-0.00491112656891346
-0.013542884960770607,0.9990025758743286,-0.0046722195111215115
-0.013044634833931923,0.9997411370277405,-0.0056313881650567055
-0.014368148520588875,0.9998703598976135,-0.006987604778259993
-0.015023872256278992,0.999963104724884,-0.0035924147814512253
-0.01511802151799202,0.9999794363975525,-0.005660579539835453
-0.0159812830388546,1.0014338493347168,-0.005296977236866951
-0.015498090535402298,1.0008230209350586,-0.004808361176401377
-0.01709727756679058,1.0006887912750244,-0.0037392275407910347
-0.016006987541913986,1.0008091926574707,-0.0032355552539229393
-0.01636982150375843,0.9994695782661438,-0.003130306489765644
-0.01648971065878868,0.9998361468315125,-0.0033722915686666965
-0.0160017479211092,1.0026401281356812,-0.004071667790412903
-0.013916045427322388,1.00070321559906,-0.004542420618236065
-0.011971898376941681,0.9997292160987854,-0.0037916600704193115
-0.012109395116567612,1.0014255046844482,-0.0030504511669278145
-0.010748650878667831,0.9994906783103943,-0.004018395207822323
-0.01065131276845932,1.001426100730896,-0.002663811668753624
-0.009664520621299744,1.0004603862762451,-0.00326475128531456
-0.00820808857679367,1.00094735622406,-0.0028741848655045033
-0.0059186965227127075,1.0021553039550781,-0.0011278586462140083
-0.006513912230730057,1.000334620475769,-0.0017594965174794197
-0.006289701908826828,1.0008108615875244,-0.0004148641601204872
-0.005433045327663422,1.0013022422790527,-0.0007627555169165134
-0.005196087062358856,0.9994708895683289,0.00019857194274663925
-0.003842383623123169,1.0000910758972168,-0.0008702990598976612
-0.005907958373427391,0.9989935159683228,-0.0011533908545970917
-0.0049461182206869125,0.9991096258163452,-0.00016535446047782898
-0.004213424399495125,0.999721348285675,-0.0003925468772649765
-0.005925532430410385,0.9993484616279602,6.504543125629425e-05
-0.006654977798461914,0.9992262125015259,-6.848201155662537e-05
-0.008139664307236671,1.0007939338684082,0.0011377818882465363
-0.00727645680308342,1.0008018016815186,0.00042131636291742325
-0.009102331474423409,1.0009210109710693,0.00015171058475971222
-0.011893726885318756,1.0010437965393066,-0.0008618501015007496
-0.011136872693896294,0.99984210729599,-0.0024408111348748207
-0.012468552216887474,0.9999663233757019,-0.003189282026141882
-0.012850631028413773,0.9999557137489319,-0.001979290507733822
-0.012736901640892029,1.0004385709762573,-0.0014873347245156765
-0.012838389724493027,1.000206708908081,-0.0029497179202735424
-0.0136657003313303,1.0011950731277466,-0.005142571870237589
-0.014149175956845284,0.9985156655311584,-0.004806859884411097
-0.011947397142648697,0.9997437596321106,-0.005614893976598978
-0.014377910643815994,0.9988896250724792,-0.006023068446666002
-0.014377910643815994,0.9988896250724792,-0.006023068446666002
-0.013906208798289299,0.9997342228889465,-0.005036472342908382
-0.013906208798289299,0.9997342228889465,-0.005036472342908382
-0.014509251341223717,0.9997367262840271,-0.005531831178814173
-0.014509251341223717,0.9997367262840271,-0.005531831178814173
-0.014529319480061531,1.001308798789978,-0.0044251251965761185
-0.012970106676220894,1.000200629234314,-0.0022222567349672318
-0.011361945420503616,1.0005837678909302,-0.004018720239400864
-0.012219786643981934,0.9989950060844421,-0.003315021749585867
-0.011372515931725502,0.9993588328361511,-0.0029345997609198093
-0.01098715141415596,0.9988840818405151,-0.004270068369805813
-0.012246744707226753,0.9992225766181946,-0.0013682744465768337
-0.010647183284163475,1.0002100467681885,-0.0026736315339803696
-0.012745894491672516,1.0006768703460693,-0.0008776257745921612
-0.009920177981257439,1.0000871419906616,-0.0022989711724221706
-0.010191043838858604,1.0022639036178589,-0.0008263732306659222
-0.010051483288407326,0.999959409236908,-0.001572492066770792
-0.008354054763913155,0.9998360276222229,-0.0008185231126844883
-0.009090840816497803,0.9994655251502991,-0.0003462694585323334
-0.007970737293362617,0.999481737613678,-0.002031460404396057
-0.00929267331957817,1.001074194908142,-0.0038620876148343086
-0.00894647091627121,0.9996010661125183,-0.0020451396703720093
-0.00906435027718544,1.0008217096328735,-0.0026448965072631836
-0.009675523266196251,0.999844491481781,-0.002297269646078348
-0.009542174637317657,0.9998517632484436,-0.0031462805345654488
-0.010875485837459564,0.9999750256538391,-0.0037732021883130074
-0.01195468194782734,0.9980334639549255,-0.004656250588595867
-0.013203348964452744,1.000937581062317,-0.003192421980202198
-0.012693624943494797,1.0007081031799316,-0.0047671920619904995
-0.012722127139568329,0.9984976649284363,-0.0021107904613018036
-0.010517138987779617,1.001189947128296,-0.003514785785228014
-0.01270543597638607,0.9998480677604675,-0.0036801258102059364
-0.013559650629758835,0.9996017813682556,-0.0035733692348003387
-0.014782952144742012,1.0013023614883423,-0.0036994973197579384
-0.012945568189024925,0.9992403388023376,-0.0038102497346699238
-0.013565020635724068,1.0011827945709229,-0.0035606026649475098
-0.012601526454091072,1.0008124113082886,-0.0025764955207705498
-0.013201264664530754,0.9998419880867004,-0.0030797114595770836
-0.01368941180408001,1.001911997795105,-0.003556543029844761
-0.013325637206435204,1.0000839233398438,-0.00295803090557456
-0.014035088941454887,1.000339150428772,-0.004668748006224632
-0.012816723436117172,0.9996102452278137,-0.00441321637481451
-0.01403919979929924,1.001067876815796,-0.004541306756436825
-0.012959986925125122,1.0025218725204468,-0.003540636971592903
-0.009904671460390091,1.0003401041030884,-0.003512496594339609
-0.01088530570268631,1.0004565715789795,-0.0031615300104022026
-0.010185262188315392,1.0005613565444946,-0.0008401214145123959
-0.010283052921295166,0.9997225403785706,-0.002428963780403137
-0.009309383109211922,1.000211238861084,-0.0024103745818138123
-0.009943045675754547,1.0000735521316528,-0.0005972860381007195
-0.009082280099391937,0.999836266040802,-0.0010726172477006912
-0.0094284787774086,1.0013092756271362,-0.002889565657824278
-0.009063523262739182,1.00057852268219,-0.0026468606665730476
-0.00844900868833065,0.9996079802513123,-0.0027671032585203648
-0.007969552651047707,1.0005792379379272,-0.002387269400060177
-0.0073566921055316925,1.000095248222351,-0.0025035832077264786
-0.007941802963614464,1.001083254814148,-0.004571221768856049
-0.007613608613610268,1.0005742311477661,-0.0016524773091077805
-0.008709626272320747,1.0006942749023438,-0.0017895391210913658
-0.00871206633746624,1.0004490613937378,-0.0015484052710235119
-0.00895749218761921,0.9994726777076721,-0.001195278950035572
-0.010542802512645721,0.9995904564857483,-0.0012181224301457405
-0.009320385754108429,0.9995952248573303,-0.001442893873900175
-0.010532233864068985,1.0008152723312378,-0.00230224197730422
-0.0097745880484581,1.0003453493118286,-0.004118408542126417
-0.011005118489265442,0.9988734126091003,-0.002933030016720295
-0.012112606316804886,0.9999614357948303,-0.002454490400850773
-0.01110745221376419,0.9993721842765808,-0.004511070437729359
-0.01272672414779663,1.0012977123260498,-0.0024528522044420242
-0.01272672414779663,1.0012977123260498,-0.0024528522044420242
-0.01196419820189476,1.0013178586959839,-0.004751286003738642
-0.01196419820189476,1.0013178586959839,-0.004751286003738642
-0.012597808614373207,0.9997180104255676,-0.0025853337720036507
-0.012597808614373207,0.9997180104255676,-0.0025853337720036507
-0.014919979497790337,1.0014150142669678,-0.002606406342238188
-0.01307651400566101,1.000453233718872,-0.003437615931034088
-0.012233734130859375,1.00069260597229,-0.0026935292407870293
-0.012842858210206032,0.9995947480201721,-0.002468433231115341
-0.012596681714057922,1.0022776126861572,-0.0032940050587058067
-0.012849429622292519,1.0005656480789185,-0.002217478584498167
-0.012347500771284103,1.0011847019195557,-0.003420727327466011
-0.011243317276239395,1.0010696649551392,-0.003891410306096077
-0.010533830150961876,0.9998396039009094,-0.001945451833307743
-0.010408252477645874,1.0002076625823975,-0.0023053190670907497
-0.011378711089491844,1.001183032989502,-0.002919869963079691
-0.010508915409445763,0.9997326731681824,-0.0037696678191423416
-0.010050749406218529,1.0021532773971558,-0.002162561286240816
-0.010040102526545525,1.001428484916687,-0.002776197623461485
-0.010506080463528633,1.0003435611724854,-0.004129404667764902
-0.00894480012357235,0.9986273050308228,-0.0019314466044306755
-0.008093515411019325,1.000699520111084,-0.0022665713913738728
-0.010170599445700645,1.0015449523925781,-0.002169304061681032
-0.009793812409043312,1.0011868476867676,-0.0028960448689758778
-0.00895056501030922,0.9998424649238586,-0.0018000779673457146
-0.008567320182919502,1.001437783241272,-0.0034834989346563816
-0.009803218767046928,1.0015467405319214,-0.0022853543050587177
-0.009194808080792427,0.9999634623527527,-0.0018027611076831818
-0.00988754816353321,1.0010814666748047,-0.0049651917070150375
-0.010537153109908104,1.0012998580932617,-0.0020552165806293488
-0.01029285416007042,0.9997166991233826,-0.0016996702179312706
-0.009041445329785347,0.9998605847358704,-0.00411134073510766
-0.012101605534553528,1.0005772113800049,-0.0034219715744256973
-0.011629359796643257,0.9978883862495422,-0.0016130106523633003
-0.012586789205670357,0.9998463988304138,-0.003435194492340088
-0.010875917971134186,1.0005840063095093,-0.00388984102755785
-0.012598203495144844,0.9993521571159363,-0.002466730773448944
-0.011735839769244194,1.0000907182693481,-0.0032988530583679676
-0.011370150372385979,1.0015536546707153,-0.003646218217909336
-0.012725090608000755,1.0012986660003662,-0.0025744009763002396
-0.011262936517596245,1.0015453100204468,-0.0025504445657134056
-0.011493230238556862,0.9999687075614929,-0.0031746202148497105
-0.012243516743183136,1.0001994371414185,-0.0018466138280928135
-0.012011513113975525,0.9998273253440857,-0.0008735037408769131
-0.012837527319788933,0.998988687992096,-0.0027164407074451447
-0.012965638190507889,1.0008125305175781,-0.002703542821109295
-0.01222066767513752,1.0007003545761108,-0.0036659203469753265
-0.011368893086910248,1.0007014274597168,-0.0035315430723130703
-0.011983349919319153,1.0002096891403198,-0.003058438189327717
-0.011510014533996582,1.001055359840393,-0.0021933908574283123
-0.012004604563117027,1.000684380531311,-0.0015959232114255428
-0.010158302262425423,1.0003337860107422,-0.002786868717521429
-0.010774467140436172,1.0017905235290527,-0.0026626987382769585
-0.009546641260385513,0.9992396831512451,-0.0026649944484233856
-0.01027815230190754,0.9997254014015198,-0.0027936105616390705
-0.009177668020129204,1.0002174377441406,-0.0031378353014588356
-0.008798403665423393,0.9991295337677002,-0.003870469518005848
-0.010650936514139175,1.002279281616211,-0.002900035586208105
-0.009060632437467575,0.9997273087501526,-0.0026537347584962845
-0.009812567383050919,1.0004445314407349,-0.001321800984442234
-0.009797437116503716,0.9998442530632019,-0.0022991024889051914
-0.008571300655603409,0.9987546801567078,-0.002532712183892727
-0.010291257873177528,1.000692367553711,-0.002056460827589035
-0.011255539953708649,1.000331163406372,-0.002803362440317869
-0.010765811428427696,0.9997242093086243,-0.0028009419329464436
-0.012091390788555145,1.000461459159851,-0.004152248147875071
-0.008591821417212486,1.0014232397079468,-0.001660265028476715
-0.010412363335490227,1.0009363889694214,-0.002177878748625517
-0.01199476607143879,0.9997155070304871,-0.002089974470436573
-0.01199476607143879,0.9997155070304871,-0.002089974470436573
-0.01175016351044178,1.0009351968765259,-0.0024411361664533615
-0.01175016351044178,1.0009351968765259,-0.0024411361664533615
-0.011241646483540535,1.0000958442687988,-0.003777718171477318
-0.011241646483540535,1.0000958442687988,-0.003777718171477318
-0.013571947813034058,1.0008130073547363,-0.0029558036476373672
-0.01344841904938221,1.0013017654418945,-0.003193141892552376
-0.01151241920888424,0.9998354315757751,-0.0017170151695609093
-0.01223202608525753,0.998744010925293,-0.0023445943370461464
-0.01161675900220871,0.9994798302650452,-0.002937283366918564
-0.01223168708384037,1.0005719661712646,-0.0028160596266388893
-0.009779883548617363,0.9999765753746033,-0.0036351587623357773
-0.01308385469019413,1.000205159187317,-0.0028318343684077263
-0.01246735081076622,1.0005762577056885,-0.003427470102906227
-0.012217795476317406,1.0003366470336914,-0.003790415357798338
-0.009304895997047424,1.000335693359375,-0.002774039749056101
-0.011130338534712791,0.9998459219932556,-0.0029270066879689693
-0.011861791834235191,0.9988694190979004,-0.002702760510146618
-0.011743217706680298,1.0008172988891602,-0.002928313333541155
-0.010273667052388191,0.9998499751091003,-0.003157275728881359
-0.010140674188733101,0.9985164403915405,-0.0036524413153529167
-0.010907741263508797,0.999833881855011,-0.0013432055711746216
-0.00953475758433342,0.998150110244751,-0.003281577490270138
-0.011983370408415794,1.000697135925293,-0.0031760595738887787
-0.011140983551740646,1.0005706548690796,-0.002313369419425726
-0.009423524141311646,0.9998499751091003,-0.0029013496823608875
-0.011398350819945335,1.0021462440490723,-0.0016965251415967941
-0.009799538180232048,1.001427173614502,-0.0025294339284300804
-0.010907027870416641,1.0025150775909424,-0.0020508943125605583
-0.011995160952210426,0.9993496537208557,-0.0019713714718818665
-0.01004415936768055,1.0006948709487915,-0.002295894082635641
-0.011018224060535431,0.9998404383659363,-0.0021958802826702595
-0.011375820264220238,1.0003317594528198,-0.0029267440550029278
-0.010897133499383926,1.0000839233398438,-0.002192084211856127
-0.011518895626068115,0.9983692765235901,-0.000877956859767437
-0.010270830243825912,1.0004608631134033,-0.0035170125775039196
-0.011629847809672356,0.9999595284461975,-0.002082512713968754
-0.010763334110379219,0.9989945888519287,-0.0028068344108760357
-0.01028141938149929,0.999723494052887,-0.0025505125522613525
-0.010053997859358788,1.0016639232635498,-0.0018018418923020363
-0.010522019118070602,1.000699520111084,-0.0030325185507535934
-0.01002979651093483,0.9988757371902466,-0.0029183686710894108
-0.01124528981745243,0.999240517616272,-0.0032983962446451187
-0.01251310482621193,1.0010364055633545,-0.00014172028750181198
-0.011870821937918663,1.0000826120376587,-0.002328293863683939
-0.010508446022868156,0.9981487393379211,-0.00341778714209795
-0.011000311002135277,1.0013134479522705,-0.003885781392455101
-0.011506672948598862,0.9991076588630676,-0.0019660047255456448
-0.010397626087069511,0.9999702572822571,-0.0030365772545337677
-0.012604793533682823,1.0008103847503662,-0.002333397511392832
-0.010877065360546112,0.998511791229248,-0.0032987897284328938
-0.011037878692150116,1.001291036605835,-0.00109015591442585
-0.01174071989953518,0.9996002316474915,-0.002816585823893547
-0.011017434298992157,1.0005720853805542,-0.0024330858141183853
-0.011372966691851616,1.000455379486084,-0.003168860450387001
-0.011765258386731148,1.0005605220794678,-0.001228592824190855
-0.010173004120588303,1.000325083732605,-0.0016929283738136292
-0.011750878766179085,0.9982538819313049,-0.0017334464937448502
-0.01004825159907341,1.0009362697601318,-0.002050831913948059
-0.011498561128973961,1.0005747079849243,-0.002926612738519907
-0.011745207011699677,0.9994757771492004,-0.002452920190989971
-0.011020215228199959,0.998498797416687,-0.0017204862087965012
-0.010772796347737312,1.0008167028427124,-0.0025490056723356247
-0.011980479583144188,0.9998459219932556,-0.0031829336658120155
-0.01103583350777626,1.0011703968048096,-0.00121268630027771
-0.01137416809797287,0.9998453259468079,-0.002930672373622656
-0.009920177981257439,1.0000871419906616,-0.0022989711724221706
-0.010520348325371742,0.9997257590293884,-0.0029188250191509724
-0.011250246316194534,1.0006998777389526,-0.003286612220108509
-0.011250246316194534,1.0006998777389526,-0.003286612220108509
-0.009441493079066277,0.9998392462730408,-0.0015643113292753696
-0.009441493079066277,0.9998392462730408,-0.0015643113292753696
-0.011370902881026268,0.9998473525047302,-0.003173770383000374
-0.011370902881026268,0.9998473525047302,-0.003173770383000374
-0.011626167222857475,0.9998398423194885,-0.002326592803001404
-0.011278802528977394,0.9999517798423767,-0.0009830738417804241
-0.01041482388973236,1.0011786222457886,-0.00205436535179615
-0.010164836421608925,1.000329852104187,-0.002300672698765993
-0.010287201032042503,1.0014259815216064,-0.002536764368414879
-0.012106504291296005,1.0005742311477661,-0.0030573252588510513
-0.01053260825574398,0.9999621510505676,-0.002066018059849739
-0.010902466252446175,1.00068998336792,-0.001944076269865036
-0.010152969509363174,0.9997276663780212,-0.00303487665951252
-0.012230824679136276,0.9993539452552795,-0.002582781482487917
-0.012222619727253914,0.9983840584754944,-0.0029552849009633064
-0.01137859933078289,0.998258650302887,-0.0022141444496810436
-0.011605381965637207,1.0009490251541138,-0.004140989389270544
-0.0107731893658638,1.0004509687423706,-0.0024304036051034927
-0.011491596698760986,0.9999696612358093,-0.003296168986707926
-0.011127091944217682,1.0003353357315063,-0.0032877251505851746
-0.0118491742759943,0.999973714351654,-0.0039094118401408195
-0.011231863871216774,1.0005890130996704,-0.004624632187187672
-0.012235762551426888,1.0003259181976318,-0.0024533765390515327
-0.011242885142564774,1.0004606246948242,-0.003774772398173809
-0.0107731893658638,1.0004509687423706,-0.0024304036051034927
-0.010634904727339745,0.9994861483573914,-0.0034088175743818283
-0.011980928480625153,1.000942349433899,-0.0034171929582953453
-0.011133680120110512,1.001793622970581,-0.0031543923541903496
-0.01052083633840084,1.0017969608306885,-0.0033883266150951385
-0.011366002261638641,0.9998502135276794,-0.003538417164236307
-0.010027393698692322,1.0000957250595093,-0.003394744358956814
-0.009786022827029228,1.0003385543823242,-0.003267565742135048
-0.01234705001115799,1.0000883340835571,-0.003186467569321394
-0.011982562020421028,1.0009413957595825,-0.00329564418643713
-0.01100143976509571,0.9987537264823914,-0.0031771105714142323
-0.010652553290128708,1.0017908811569214,-0.002660865895450115
-0.01028425432741642,0.9991124868392944,-0.002190775703638792
-0.010509347543120384,1.0003416538238525,-0.003886306658387184
-0.009294701740145683,1.0007072687149048,-0.0036219367757439613
-0.01053670234978199,1.0002034902572632,-0.0018209563568234444
-0.009420707821846008,1.000948429107666,-0.0033787069842219353
-0.009669795632362366,0.9996041655540466,-0.0026638805866241455
-0.00966615416109562,1.0004594326019287,-0.0031432025134563446
-0.010742567479610443,1.0005910396575928,-0.004738850984722376
-0.011001082137227058,1.0000944137573242,-0.0035309544764459133
-0.010158713907003403,1.000455379486084,-0.0027858871035277843
-0.01113199070096016,1.0003323554992676,-0.0029230783693492413
-0.01090000569820404,1.0004477500915527,-0.0020675892010331154
-0.011366039514541626,1.000825047492981,-0.003773658536374569
-0.011724479496479034,1.0020471811294556,-0.0046201786026358604
-0.011394184082746506,0.9999552369117737,-0.0014711027033627033
-0.012230448424816132,1.0002071857452393,-0.002819005399942398
-0.011021040380001068,0.9987420439720154,-0.0017185229808092117
-0.013108750805258751,0.9998247027397156,-0.0008899979293346405
-0.013079818338155746,1.001426100730896,-0.003429759293794632
-0.011994333937764168,0.9991064667701721,-0.0019733356311917305
-0.010174598544836044,0.9993491768836975,-0.00133613683283329
-0.009553194046020508,0.9997232556343079,-0.0022964193485677242
-0.01028592512011528,1.0000863075256348,-0.002304468769580126
-0.010529754683375359,1.000085711479187,-0.0023081344552338123
-0.010283520445227623,1.0013062953948975,-0.002780844923108816
-0.01090041920542717,1.0005693435668945,-0.002066606655716896
-0.009926749393343925,1.0010581016540527,-0.0020480165258049965
-0.010038038715720177,1.0008203983306885,-0.0027811075560748577
-0.010538768023252487,1.0008114576339722,-0.0018160464242100716
-0.009290965273976326,0.9991254806518555,-0.003513153176754713
-0.009398235008120537,1.0005961656570435,-0.004961789585649967
-0.009532731026411057,0.998516857624054,-0.0035217287950217724
-0.009532731026411057,0.998516857624054,-0.0035217287950217724
-0.009540541097521782,0.99985271692276,-0.003267829306423664
-0.009540541097521782,0.99985271692276,-0.003267829306423664
-0.008938679471611977,0.9987528324127197,-0.0024166610091924667
-0.008938679471611977,0.9987528324127197,-0.0024166610091924667
-0.010376429185271263,1.0009578466415405,-0.004851955454796553
-0.009805658832192421,1.001301646232605,-0.002044220454990864
-0.011999271810054779,1.0000784397125244,-0.0018439311534166336
-0.010409528389573097,1.0015473365783691,-0.0025376155972480774
-0.01174849458038807,0.9999611973762512,-0.0023274431005120277
-0.012704985216259956,0.9987516403198242,-0.003445865586400032
-0.011023538187146187,0.9999591708183289,-0.0018302509561181068
-0.011011295020580292,1.000210165977478,-0.0028006783686578274
-0.012842914089560509,1.0010570287704468,-0.0028212950564920902
-0.011729737743735313,1.0007035732269287,-0.003901687916368246
-0.010783817619085312,1.0006883144378662,-0.001699145883321762
-0.011503443121910095,1.0000845193862915,-0.002444344572722912
-0.01173047162592411,0.9985097646713257,-0.003311618696898222
-0.012361768633127213,1.000566840171814,-0.0022101476788520813
-0.011997601017355919,0.9991044998168945,-0.0017302380874752998
-0.012842519208788872,1.0014227628707886,-0.002939898055046797
-0.011980121955275536,1.001186490058899,-0.003536778036504984
-0.01163722574710846,1.0006862878799438,-0.0017119748517870903
-0.010646393522620201,1.0009416341781616,-0.00291083799675107
-0.011958397924900055,0.9991279244422913,-0.004647412337362766
-0.010881589725613594,0.999362051486969,-0.003170367330312729
-0.010908566415309906,1.0000771284103394,-0.0013412414118647575
-0.011379105970263481,1.0008171796798706,-0.0028012669645249844
-0.010645981878042221,1.0008199214935303,-0.0029118196107447147
-0.010755598545074463,0.9996083378791809,-0.0035312180407345295
-0.011004704982042313,0.9987518191337585,-0.0029340125620365143
-0.010784642770886421,1.0009316205978394,-0.001697181724011898
-0.011501828208565712,1.0005728006362915,-0.002683514729142189
-0.011119244620203972,0.9980247616767883,-0.003306383267045021
-0.011239545419812202,0.9985128045082092,-0.003547385800629854
-0.012241074815392494,1.0004445314407349,-0.002087748609483242
-0.008822133764624596,1.0003340244293213,-0.002402062527835369
-0.010186895728111267,1.0005604028701782,-0.0007185721769928932
-0.010888177901506424,1.000820279121399,-0.003037034533917904
-0.00969839096069336,0.9998309016227722,-0.000595584511756897
-0.010659856721758842,1.0005680322647095,-0.0018198434263467789
-0.010551420971751213,1.00068199634552,-0.0008446373976767063
-0.01137533225119114,0.9982605576515198,-0.0024572424590587616
-0.01012355089187622,0.9992577433586121,-0.005105136893689632
-0.01029578223824501,1.0015426874160767,-0.0019280379638075829
-0.010665131732821465,0.9997119307518005,-0.0012189727276563644
-0.010403800755739212,1.0013070106506348,-0.0029042265377938747
-0.010891802608966827,0.9994778037071228,-0.0024400921538472176
-0.01173706166446209,0.9999681115150452,-0.003178285900503397
-0.012117939069867134,1.0005674362182617,-0.002206482458859682
-0.01086985319852829,1.0021717548370361,-0.004727918189018965
-0.010287633165717125,1.0020350217819214,-0.0026534032076597214
-0.011021977290511131,1.0019097328186035,-0.0024222834035754204
-0.00978969968855381,1.0004581212997437,-0.0030234865844249725
-0.012973429635167122,1.0016608238220215,-0.0023320214822888374
-0.00990791991353035,0.9998508095741272,-0.003151778131723404
-0.01146215945482254,0.9990123510360718,-0.005248808767646551
-0.011247297748923302,0.9983863830566406,-0.0029406235553324223
-0.013323966413736343,0.9991101026535034,-0.0028443378396332264
-0.011259613558650017,1.0000851154327393,-0.0024406798183918
-0.012612603604793549,1.0021462440490723,-0.0020794980227947235
-0.012607233598828316,1.0005652904510498,-0.002092263661324978
-0.011614395305514336,1.0016746520996094,-0.0036489013582468033
-0.0116188433021307,1.000575304031372,-0.003049994818866253
-0.011750144883990288,1.0004476308822632,-0.0023235157132148743
-0.012095466256141663,1.0002154111862183,-0.0037895645946264267
-0.010509759187698364,1.0004632472991943,-0.0038853250443935394
-0.010288404300808907,1.0008158683776855,-0.0022985762916505337
-0.01112665981054306,0.9997263550758362,-0.003171086311340332
-0.01112665981054306,0.9997263550758362,-0.003171086311340332
-0.010662747547030449,1.0014193058013916,-0.001812969334423542
-0.010662747547030449,1.0014193058013916,-0.001812969334423542
-0.008935468271374702,1.0002169609069824,-0.0030126208439469337
-0.008935468271374702,1.0002169609069824,-0.0030126208439469337
-0.00931270606815815,1.0016714334487915,-0.002520139329135418
-0.009293049573898315,1.0002208948135376,-0.003625864163041115
-0.00880371779203415,0.999248206615448,-0.00350484112277627
-0.009918168187141418,1.0009413957595825,-0.002656743861734867
-0.010892665013670921,1.000695824623108,-0.0026733698323369026
-0.011125834658741951,0.999483048915863,-0.003173050470650196
-0.01066025160253048,1.0002022981643677,-0.0017012404277920723
-0.010289248079061508,1.0015466213226318,-0.002414233982563019
-0.010889774188399315,0.9998446106910706,-0.0026802439242601395
-0.009803218767046928,1.0015467405319214,-0.0022853543050587177
-0.011868024244904518,1.0016683340072632,-0.0029232720844447613
-0.012118766084313393,1.0008106231689453,-0.002204518299549818
-0.011260852217674255,1.0004498958587646,-0.002437734045088291
-0.010410748422145844,1.001424789428711,-0.0024170484393835068
-0.011379517614841461,1.000938892364502,-0.0028002853505313396
-0.010146455839276314,1.0002189874649048,-0.003638693131506443
-0.012466901913285255,0.9994798302650452,-0.00319321034476161
-0.012215372174978256,1.001069188117981,-0.004149169661104679
-0.012724284082651138,1.0015428066253662,-0.002693985588848591
-0.01173706166446209,0.9999681115150452,-0.003178285900503397
-0.012475067749619484,0.9994749426841736,-0.0025854655541479588
-0.01199476607143879,0.9997155070304871,-0.002089974470436573
-0.011728480458259583,0.999851405620575,-0.0037870132364332676
-0.01198132336139679,1.0005764961242676,-0.0032985899597406387
-0.011623386293649673,1.0019129514694214,-0.003039192408323288
-0.012707144021987915,1.0017967224121094,-0.004029059782624245
-0.013442672789096832,1.000573992729187,-0.003442130982875824
-0.012843364849686623,1.0021533966064453,-0.003055555745959282
-0.011129174381494522,1.0014307498931885,-0.003400435671210289
-0.010894298553466797,1.0006948709487915,-0.0025518210604786873
-0.008575467392802238,1.0009455680847168,-0.002758133690804243
-0.009070508182048798,1.0016710758209229,-0.002394924871623516
-0.009432986378669739,1.0016721487045288,-0.0026435209438204765
-0.011003505438566208,0.9993618130683899,-0.003172199707478285
-0.010041305795311928,1.0008184909820557,-0.0025380095466971397
-0.010263809934258461,0.9983935356140137,-0.003533706534653902
-0.011220807209610939,0.9997426867485046,-0.00523925106972456
-0.00992586836218834,0.9993526339530945,-0.0016971183940768242
-0.01065533235669136,0.9997177720069885,-0.001948266290128231
-0.01042008027434349,0.9998350739479065,-0.0013358741998672485
-0.00918540172278881,0.9996034502983093,-0.0024134526029229164
-0.010288815945386887,1.000937581062317,-0.002297594677656889
-0.009433306753635406,0.9993566870689392,-0.0020544342696666718
-0.009332288056612015,1.001172423362732,-0.0009439312852919102
-0.011137302964925766,1.0004510879516602,-0.0025574499741196632
-0.011383574455976486,1.0002052783966064,-0.0023199808783829212
-0.00928281620144844,0.9996176362037659,-0.004238519351929426
-0.010633721947669983,1.0005836486816406,-0.003764626570045948
-0.012110166251659393,1.0002065896987915,-0.0026956237852573395
-0.010526487603783607,1.0000877380371094,-0.0025512324646115303
-0.012113865464925766,1.000813603401184,-0.0025691650807857513
-0.011864738538861275,1.0011829137802124,-0.003048749640583992
-0.011026805266737938,0.9999571442604065,-0.0015871529467403889
-0.011504251509904861,0.9998401999473572,-0.0023247599601745605
-0.011631855741143227,0.9991053938865662,-0.00172473955899477
-0.012122821062803268,1.000077247619629,-0.0017242152243852615
-0.01246485486626625,0.9993591904640198,-0.00331574073061347
-0.012100385501980782,1.000699758529663,-0.0035425391979515553
-0.014441689476370811,1.0008013248443604,-0.001753143034875393
-0.012358125299215317,1.0014220476150513,-0.0026894696056842804
-0.012353619560599327,1.0010591745376587,-0.00293551292270422
-0.011386878788471222,1.0011781454086304,-0.0023121251724660397
-0.011627405881881714,1.0002046823501587,-0.0023236460983753204
-0.01151367649435997,1.000687599182129,-0.0018316907808184624
-0.01151367649435997,1.000687599182129,-0.0018316907808184624
-0.011386878788471222,1.0011781454086304,-0.0023121251724660397
-0.011386878788471222,1.0011781454086304,-0.0023121251724660397
-0.011143425479531288,1.0003255605697632,-0.002072235569357872
-0.011143425479531288,1.0003255605697632,-0.002072235569357872
-0.01076134480535984,1.0003361701965332,-0.0032822275534272194
-0.008818041533231735,1.0000927448272705,-0.002647124230861664
-0.009767584502696991,0.9987654089927673,-0.0042527238838374615
-0.01148303598165512,1.0003403425216675,-0.004022517241537571
-0.009185044094920158,1.0009441375732422,-0.0027672969736158848
-0.009528711438179016,1.000225305557251,-0.004237274173647165
-0.008694963529706001,1.0016778707504272,-0.0031187208369374275
-0.007604239508509636,1.001189112663269,-0.0024984097108244896
-0.01028149388730526,1.0016729831695557,-0.0030209962278604507
-0.009920591488480568,1.0002087354660034,-0.0022979886271059513
-0.00822436809539795,0.9994753003120422,-0.0013058315962553024
-0.01065005548298359,1.0005738735198975,-0.0025491369888186455
-0.012112194672226906,0.9998398423194885,-0.002455472946166992
-0.01247469149529934,1.0003281831741333,-0.00282168947160244
-0.011385677382349968,1.0017881393432617,-0.002550313249230385
-0.013209899887442589,1.0014209747314453,-0.0028238468803465366
-0.012833133339881897,1.0015501976013184,-0.003668210469186306
-0.013195594772696495,1.0010640621185303,-0.00379918422549963
-0.012467687949538231,0.9987483620643616,-0.002956004813313484
-0.011985359713435173,0.9993554949760437,-0.002700665034353733
-0.01308794692158699,1.0004464387893677,-0.002586773131042719
-0.01210319995880127,0.9996013045310974,-0.0030651818960905075
-0.012718051671981812,0.9987438321113586,-0.0024734744802117348
-0.014296922832727432,1.0013025999069214,-0.00357061717659235
-0.013079330325126648,0.9993547797203064,-0.0029602572321891785
-0.01174933835864067,1.0006918907165527,-0.0024431003257632256
-0.013318784534931183,1.0024032592773438,-0.004033313132822514
-0.013552723452448845,0.9999715685844421,-0.004178167320787907
-0.012193294242024422,1.0003511905670166,-0.0056136492639780045
-0.01221858337521553,0.9996048808097839,-0.003553209826350212
-0.011257603764533997,1.0009392499923706,-0.0027984525077044964
-0.011985022574663162,1.0011836290359497,-0.0031721312552690506
-0.011987030506134033,1.0003293752670288,-0.002814358565956354
-0.009523792192339897,0.9997408986091614,-0.004484300501644611
-0.011622073128819466,0.9995985627174377,-0.002571654971688986
-0.00956055335700512,0.9999626278877258,-0.0018082596361637115
-0.010629648342728615,1.0008296966552734,-0.004127309191972017
-0.009665761142969131,1.0008251667022705,-0.0032618045806884766
-0.009315861389040947,0.9987451434135437,-0.0015713167376816273
-0.010274134576320648,1.0014337301254272,-0.0035091559402644634
-0.009310191497206688,0.9999669194221497,-0.0022907895036041737
-0.010885719209909439,1.0005781650543213,-0.0031605474650859833
-0.01025979034602642,1.000101923942566,-0.004249251913279295
-0.009316274896264076,0.9988667368888855,-0.001570334192365408
-0.009427240118384361,1.0009444952011108,-0.0028925114311277866
-0.01004951074719429,1.0017883777618408,-0.002165507059544325
-0.010535124689340591,1.00166654586792,-0.0022953678853809834
-0.010774806141853333,0.9999625086784363,-0.0021912329830229282
-0.011020271107554436,0.9999610781669617,-0.0020733484998345375
-0.011114023625850677,1.0003430843353271,-0.004260116722434759
-0.008950620889663696,1.0013046264648438,-0.0021529407240450382
-0.009290626272559166,1.0009535551071167,-0.003984618932008743
-0.011977661401033401,1.0009442567825317,-0.0036602914333343506
-0.010175500065088272,1.001542091369629,-0.0018046572804450989
-0.01128293201327324,1.001167893409729,-0.0009732539765536785
-0.010289624333381653,1.0006933212280273,-0.0021780100651085377
-0.011011727154254913,1.0008190870285034,-0.00291731720790267
-0.012343406677246094,1.0009434223175049,-0.0036657890304923058
-0.010754754766821861,0.9988778829574585,-0.0034155603498220444
-0.010529378429055214,1.0009390115737915,-0.0025443583726882935
-0.011138148605823517,1.001181721687317,-0.0026731062680482864
-0.01187330111861229,1.0008121728897095,-0.002322401385754347
-0.010410318151116371,1.0008156299591064,-0.002300409134477377
-0.01040094904601574,1.001430630683899,-0.0031463420018553734
-0.01040094904601574,1.001430630683899,-0.0031463420018553734
-0.010924506932497025,1.000433087348938,-0.00024435482919216156
-0.010924506932497025,1.000433087348938,-0.00024435482919216156
-0.011020287871360779,1.00044846534729,-0.0021909703500568867
-0.011020287871360779,1.00044846534729,-0.0021909703500568867
-0.011372948065400124,0.9999678730964661,-0.003051239065825939
-0.011140195652842522,1.0013023614883423,-0.0025505758821964264
-0.010889042168855667,1.0020384788513184,-0.003270312212407589
-0.010760892182588577,0.9992397427558899,-0.0030479682609438896
-0.010765811428427696,0.9997242093086243,-0.0028009419329464436
-0.011850807815790176,0.9999727606773376,-0.0037878630682826042
-0.010764610022306442,1.0003341436386108,-0.0030391300097107887
-0.010525699704885483,1.000819206237793,-0.002788437996059656
-0.010514996945858002,0.9986322522163391,-0.003049212507903576
-0.009057778865098953,0.9998508095741272,-0.0028958511538803577
-0.012342544272542,0.9997254014015198,-0.0034325113520026207
-0.011357514187693596,1.0021705627441406,-0.004735248629003763
-0.010267525911331177,0.9994879364967346,-0.003524868283420801
-0.009285351261496544,1.0018095970153809,-0.004585489630699158
-0.009527472779154778,0.9998604655265808,-0.004240220878273249
-0.012367889285087585,1.0004414319992065,-0.0017249342054128647
-0.010553879663348198,1.0009243488311768,-0.0007211240008473396
-0.011262092739343643,1.00081467628479,-0.002434787340462208
-0.010995732620358467,0.9990008473396301,-0.003661341965198517
-0.01234380155801773,1.0005775690078735,-0.003547186031937599
-0.010140353813767433,1.0008318424224854,-0.004241527523845434
-0.01036696694791317,0.9991355538368225,-0.005109783262014389
-0.012819595634937286,0.9999741911888123,-0.004288720432668924
-0.012230072170495987,1.0010603666305542,-0.003055228851735592
-0.010252431035041809,0.9998626112937927,-0.004737412091344595
-0.012479610741138458,1.0008126497268677,-0.002574663143604994
-0.012592926621437073,1.0002082586288452,-0.0030676014721393585
-0.012101642787456512,1.0015519857406616,-0.003657214343547821
-0.01186344400048256,0.9993558526039124,-0.00269883219152689
-0.01103007048368454,0.9999552369117737,-0.001344054937362671
-0.010402975603938103,1.0010638236999512,-0.002906189765781164
-0.010624691843986511,0.9993703961372375,-0.004139093216508627
-0.01173129677772522,0.998753011226654,-0.0033096554689109325
-0.012357711791992188,1.0013004541397095,-0.0026904521510004997
-0.011005625128746033,1.0014320611953735,-0.0035201520659029484
-0.009896108880639076,1.0007107257843018,-0.004238844383507967
-0.010519560426473618,1.0004574060440063,-0.003156031481921673
-0.009785646572709084,1.0011917352676392,-0.003503789659589529
-0.009916571900248528,1.0019170045852661,-0.0030135344713926315
-0.011973945423960686,0.9998497366905212,-0.0036691296845674515
-0.011969098821282387,1.0013148784637451,-0.0043866392225027084
-0.010391918942332268,1.0002174377441406,-0.0035208086483180523
-0.008922852575778961,1.0013211965560913,-0.004219272639602423
-0.010644759982824326,1.000942587852478,-0.0030323872342705727
-0.008562328293919563,0.9990037083625793,-0.0032600415870547295
-0.00917971320450306,1.0003379583358765,-0.0030153049156069756
-0.010886883363127708,0.9989933371543884,-0.0026871180161833763
-0.009509917348623276,0.9999927878379822,-0.005576276686042547
-0.009918976575136185,1.000697135925293,-0.002537159249186516
-0.011492760851979256,0.9983848333358765,-0.002822740003466606
-0.011623330414295197,1.000450849533081,-0.0026863301172852516
-0.010777678340673447,1.00032639503479,-0.002066737972199917
-0.012335577979683876,0.9991202354431152,-0.003802068065851927
-0.009309006854891777,1.001064419746399,-0.002646598033607006
-0.010513834655284882,1.000217080116272,-0.0035226414911448956
-0.010993722826242447,0.999855101108551,-0.004019114188849926
-0.010774411261081696,1.0003283023834229,-0.002309835981577635
-0.010645531117916107,0.9997236132621765,-0.0026775598526000977
-0.011394238099455833,1.0014175176620483,-0.001823965460062027
-0.012230392545461655,0.9987449645996094,-0.0024661431089043617
-0.01224270835518837,1.0004435777664185,-0.0019661993719637394
-0.011869169771671295,0.9995960593223572,-0.002332222182303667
-0.013474157080054283,1.0016518831253052,-0.0013669608160853386
-0.012122033163905144,1.0008087158203125,-0.0019614202901721
-0.012122033163905144,1.0008087158203125,-0.0019614202901721
-0.011649878695607185,1.0005568265914917,-0.0007405644282698631
-0.011649878695607185,1.0005568265914917,-0.0007405644282698631
-0.010997870936989784,1.001558542251587,-0.004126915242522955
-0.010997870936989784,1.001558542251587,-0.004126915242522955
-0.010153815150260925,1.0004583597183228,-0.0031505338847637177
-0.012001318857073784,1.0001990795135498,-0.001721399836242199
-0.011009642854332924,0.9997237324714661,-0.0028046066872775555
-0.010883202776312828,0.9988737106323242,-0.0029311971738934517
-0.011484650894999504,0.9998520016670227,-0.003783347550779581
-0.010031448677182198,0.999362051486969,-0.0029144403524696827
-0.011872868984937668,1.000203251838684,-0.0022057625465095043
-0.010644704103469849,0.9994803071022034,-0.0026795240119099617
-0.01136849820613861,1.0010672807693481,-0.0036501456052064896
-0.009792141616344452,1.0002130270004272,-0.002782351803034544
-0.01002863235771656,1.0004605054855347,-0.003391798585653305
-0.010761380195617676,1.00131094455719,-0.003517469856888056
-0.009903788566589355,0.9986346960067749,-0.0031615979969501495
-0.009913306683301926,1.0019190311431885,-0.003256632015109062
-0.009559370577335358,1.0010600090026855,-0.002164068166166544
-0.008561970666050911,1.0003442764282227,-0.003613886423408985
-0.011007295921444893,1.0024058818817139,-0.0036338455975055695
-0.011498956009745598,1.0002089738845825,-0.002808009274303913
-0.011018600314855576,0.9989871978759766,-0.0019596568308770657
-0.011861810460686684,0.9993568062782288,-0.0028203814290463924
-0.009654289111495018,0.9998572468757629,-0.003877406008541584
-0.01198875717818737,1.002765417098999,-0.003280913457274437
-0.010281024500727654,1.0000892877578735,-0.002669115550816059
-0.011618824675679207,1.0000879764556885,-0.002932373434305191
-0.01151818223297596,1.0010504722595215,-0.001585646066814661
-0.011366395279765129,0.9994843602180481,-0.0034198137000203133
-0.012590469792485237,0.9999660849571228,-0.003191114403307438
-0.011507179588079453,1.0016663074493408,-0.002553127706050873
-0.012346204370260239,0.9993575215339661,-0.003070809878408909
-0.013468412682414055,1.0009242296218872,-0.0016159513033926487
-0.012588459998369217,1.0008201599121094,-0.0035488870926201344
-0.012240305542945862,1.0016635656356812,-0.002442574128508568
-0.013335438445210457,1.0000780820846558,-0.0022287373431026936
-0.013448379933834076,1.0003268718719482,-0.0029578995890915394
-0.01233520358800888,0.999973475933075,-0.004038291983306408
-0.011242885142564774,1.0004606246948242,-0.003774772398173809
-0.012967683374881744,1.000933289527893,-0.0025810119695961475
-0.01088772714138031,0.9997239708900452,-0.002802774775773287
-0.010409904643893242,1.0006940364837646,-0.0023013916797935963
-0.010283485054969788,1.0003315210342407,-0.0025456026196479797
-0.01040579378604889,0.999965488910675,-0.0024288324639201164
-0.013194374740123749,1.0011866092681885,-0.003919751383364201
-0.010633740574121475,1.0010710954666138,-0.0038822470232844353
-0.011130357161164284,1.000333309173584,-0.003044627606868744
-0.010770712047815323,0.999721348285675,-0.0024362951517105103
-0.010886112228035927,1.00021231174469,-0.0030419444665312767
-0.00953809916973114,1.0000978708267212,-0.003508963156491518
-0.01025569811463356,0.9998607039451599,-0.004494314081966877
-0.010639391839504242,0.9993615746498108,-0.003045152872800827
-0.009802429005503654,1.002278447151184,-0.0025225598365068436
-0.010159164667129517,1.0015517473220825,-0.0030201468616724014
-0.009056145325303078,0.9998517632484436,-0.0030174003913998604
-0.010387450456619263,1.0008293390274048,-0.004002094268798828
-0.009663224220275879,0.9986333250999451,-0.002914834301918745
-0.010520800948143005,1.0008221864700317,-0.0031530847772955894
-0.011495314538478851,1.0010641813278198,-0.003287331201136112
-0.009523773565888405,0.9992533326148987,-0.004366680048406124
-0.011739518493413925,1.0002102851867676,-0.0030547725036740303
-0.010636145249009132,0.9998510479927063,-0.0034058718010783195
-0.010417714715003967,1.0020298957824707,-0.0020474912598729134
-0.010514229536056519,0.9998512864112854,-0.0034040389582514763
-0.011267349123954773,0.999471127986908,-0.0017162961885333061
-0.011012047529220581,0.9985036849975586,-0.0023282309994101524
-0.010758884251117706,1.000093936920166,-0.0034057404845952988
-0.010758884251117706,1.000093936920166,-0.0034057404845952988
-0.01138317957520485,1.0005711317062378,-0.002438584342598915
-0.01138317957520485,1.0005711317062378,-0.002438584342598915
-0.012103576213121414,0.9987481832504272,-0.0028289579786360264
-0.012103576213121414,0.9987481832504272,-0.0028289579786360264
-0.010677017271518707,1.00080144405365,-0.0006023896858096123
-0.012204313650727272,1.0002228021621704,-0.004763788543641567
-0.010886112228035927,1.00021231174469,-0.0030419444665312767
-0.010294092819094658,1.0000815391540527,-0.0016967244446277618
-0.011138487607240677,0.9993535876274109,-0.002201640512794256
-0.011246997863054276,1.0011892318725586,-0.0036473311483860016
-0.011248594149947166,1.0002135038375854,-0.0032905396074056625
-0.011107057332992554,0.9997380375862122,-0.004629673436284065
-0.010262176394462585,0.9983945488929749,-0.0036552557721734047
-0.009663769975304604,1.0021668672561646,-0.003737199120223522
-0.01197439432144165,1.000946283340454,-0.0039033889770507812
-0.01173129677772522,0.998753011226654,-0.0033096554689109325
-0.010526111349463463,1.0009409189224243,-0.0027874563820660114
-0.01126858964562416,0.9998360276222229,-0.0017133504152297974
-0.010400893166661263,0.9999683499336243,-0.0027934792451560497
-0.012094246223568916,1.0003379583358765,-0.003910131752490997
-0.01163029670715332,1.0010559558868408,-0.002316772472113371
-0.010641457512974739,0.9999696612358093,-0.0030402429401874542
-0.010135415941476822,0.9998599886894226,-0.004370933398604393
-0.010272052139043808,1.0003383159637451,-0.0033964449539780617
-0.00989563949406147,0.9991269707679749,-0.003886963240802288
